"input_search","acceptedScientificName","acceptedTaxonKey","basisOfRecord","coordinateUncertaintyInMeters","country","countryCode","datasetKey","degreeOfEstablishment","establishmentMeans","individualCount","institutionCode","occurrenceStatus","publishingOrgKey","scientificName","taxonKey","taxonomicStatus","taxonRank","year","occurrence_type","lon","lat"
"Soldanella minima","Soldanella minima Hoppe",8109831,"HUMAN_OBSERVATION",4,"Slovenia","SI","50c9509d-22c7-4a22-a47d-8c48425ef4a7",NA,NA,NA,"iNaturalist","PRESENT","28eb1a3f-1c15-4a95-931a-4af90ecb574d","Soldanella minima Hoppe",8109831,"ACCEPTED","SPECIES",2025,"native",13.902763,46.348295
"Soldanella minima","Soldanella minima subsp. minima",7900159,"HUMAN_OBSERVATION",NA,"Slovenia","SI","50c9509d-22c7-4a22-a47d-8c48425ef4a7",NA,NA,NA,"iNaturalist","PRESENT","28eb1a3f-1c15-4a95-931a-4af90ecb574d","Soldanella minima subsp. minima",7900159,"ACCEPTED","SUBSPECIES",2025,"native",13.743036,46.432952
"Soldanella minima","Soldanella minima subsp. minima",7900159,"HUMAN_OBSERVATION",31,"Italy","IT","50c9509d-22c7-4a22-a47d-8c48425ef4a7",NA,NA,NA,"iNaturalist","PRESENT","28eb1a3f-1c15-4a95-931a-4af90ecb574d","Soldanella minima subsp. minima",7900159,"ACCEPTED","SUBSPECIES",2025,"native",11.199721,45.775121
"Soldanella minima","Soldanella minima Hoppe",8109831,"HUMAN_OBSERVATION",1497,"Austria","AT","50c9509d-22c7-4a22-a47d-8c48425ef4a7",NA,NA,NA,"iNaturalist","PRESENT","28eb1a3f-1c15-4a95-931a-4af90ecb574d","Soldanella minima Hoppe",8109831,"ACCEPTED","SPECIES",2025,"native",13.952222,46.506943
"Soldanella minima","Soldanella minima Hoppe",8109831,"HUMAN_OBSERVATION",276,"Italy","IT","50c9509d-22c7-4a22-a47d-8c48425ef4a7",NA,NA,NA,"iNaturalist","PRESENT","28eb1a3f-1c15-4a95-931a-4af90ecb574d","Soldanella minima Hoppe",8109831,"ACCEPTED","SPECIES",2025,"native",11.786737,46.530925
"Soldanella minima","Soldanella minima subsp. minima",7900159,"HUMAN_OBSERVATION",NA,"Italy","IT","50c9509d-22c7-4a22-a47d-8c48425ef4a7",NA,NA,NA,"iNaturalist","PRESENT","28eb1a3f-1c15-4a95-931a-4af90ecb574d","Soldanella minima subsp. minima",7900159,"ACCEPTED","SUBSPECIES",2025,"native",12.242644,46.124608
"Soldanella minima","Soldanella minima subsp. minima",7900159,"HUMAN_OBSERVATION",NA,"Italy","IT","50c9509d-22c7-4a22-a47d-8c48425ef4a7",NA,NA,NA,"iNaturalist","PRESENT","28eb1a3f-1c15-4a95-931a-4af90ecb574d","Soldanella minima subsp. minima",7900159,"ACCEPTED","SUBSPECIES",2025,"native",11.509158,46.011307
"Soldanella minima","Soldanella minima subsp. minima",7900159,"HUMAN_OBSERVATION",15,"Italy","IT","50c9509d-22c7-4a22-a47d-8c48425ef4a7",NA,NA,NA,"iNaturalist","PRESENT","28eb1a3f-1c15-4a95-931a-4af90ecb574d","Soldanella minima subsp. minima",7900159,"ACCEPTED","SUBSPECIES",2025,"native",11.20974,45.782868
"Soldanella minima","Soldanella minima subsp. minima",7900159,"HUMAN_OBSERVATION",NA,"Italy","IT","50c9509d-22c7-4a22-a47d-8c48425ef4a7",NA,NA,NA,"iNaturalist","PRESENT","28eb1a3f-1c15-4a95-931a-4af90ecb574d","Soldanella minima subsp. minima",7900159,"ACCEPTED","SUBSPECIES",2025,"native",11.508882,46.011
"Soldanella minima","Soldanella minima subsp. minima",7900159,"HUMAN_OBSERVATION",2666,"Slovenia","SI","50c9509d-22c7-4a22-a47d-8c48425ef4a7",NA,NA,NA,"iNaturalist","PRESENT","28eb1a3f-1c15-4a95-931a-4af90ecb574d","Soldanella minima subsp. minima",7900159,"ACCEPTED","SUBSPECIES",2025,"native",14.543309,46.372746
"Soldanella minima","Soldanella minima subsp. minima",7900159,"HUMAN_OBSERVATION",4,"Italy","IT","50c9509d-22c7-4a22-a47d-8c48425ef4a7",NA,NA,NA,"iNaturalist","PRESENT","28eb1a3f-1c15-4a95-931a-4af90ecb574d","Soldanella minima subsp. minima",7900159,"ACCEPTED","SUBSPECIES",2025,"native",13.6871,46.466508
"Soldanella minima","Soldanella minima Hoppe",8109831,"HUMAN_OBSERVATION",4,"Slovenia","SI","8a863029-f435-446a-821e-275f4f641165",NA,NA,1,NA,"PRESENT","c8d737e0-2ff8-42e8-b8fc-6b805d26fc5f","Soldanella minima Hoppe",8109831,"ACCEPTED","SPECIES",2025,"native",13.742368,46.441856
"Soldanella minima","Soldanella minima Hoppe",8109831,"HUMAN_OBSERVATION",4,"Slovenia","SI","8a863029-f435-446a-821e-275f4f641165",NA,NA,5,NA,"PRESENT","c8d737e0-2ff8-42e8-b8fc-6b805d26fc5f","Soldanella minima Hoppe",8109831,"ACCEPTED","SPECIES",2025,"native",13.74211,46.441176
"Soldanella minima","Soldanella minima Hoppe",8109831,"HUMAN_OBSERVATION",NA,"Slovenia","SI","8a863029-f435-446a-821e-275f4f641165",NA,NA,1,NA,"PRESENT","c8d737e0-2ff8-42e8-b8fc-6b805d26fc5f","Soldanella minima Hoppe",8109831,"ACCEPTED","SPECIES",2025,"native",14.74252,46.417244
"Soldanella minima","Soldanella minima subsp. minima",7900159,"HUMAN_OBSERVATION",NA,"Austria","AT","50c9509d-22c7-4a22-a47d-8c48425ef4a7",NA,NA,NA,"iNaturalist","PRESENT","28eb1a3f-1c15-4a95-931a-4af90ecb574d","Soldanella minima subsp. minima",7900159,"ACCEPTED","SUBSPECIES",2025,"native",14.768108,46.502278
"Soldanella minima","Soldanella minima Hoppe",8109831,"HUMAN_OBSERVATION",10,"Slovenia","SI","50c9509d-22c7-4a22-a47d-8c48425ef4a7",NA,NA,NA,"iNaturalist","PRESENT","28eb1a3f-1c15-4a95-931a-4af90ecb574d","Soldanella minima Hoppe",8109831,"ACCEPTED","SPECIES",2025,"native",13.841063,46.244728
"Soldanella minima","Soldanella minima subsp. minima",7900159,"HUMAN_OBSERVATION",14,"Italy","IT","50c9509d-22c7-4a22-a47d-8c48425ef4a7",NA,NA,NA,"iNaturalist","PRESENT","28eb1a3f-1c15-4a95-931a-4af90ecb574d","Soldanella minima subsp. minima",7900159,"ACCEPTED","SUBSPECIES",2025,"native",11.132892,45.725003
"Soldanella minima","Soldanella minima Hoppe",8109831,"HUMAN_OBSERVATION",8,"Slovenia","SI","50c9509d-22c7-4a22-a47d-8c48425ef4a7",NA,NA,NA,"iNaturalist","PRESENT","28eb1a3f-1c15-4a95-931a-4af90ecb574d","Soldanella minima Hoppe",8109831,"ACCEPTED","SPECIES",2025,"native",14.646344,46.300678
"Soldanella minima","Soldanella minima subsp. minima",7900159,"HUMAN_OBSERVATION",8,"Italy","IT","50c9509d-22c7-4a22-a47d-8c48425ef4a7",NA,NA,NA,"iNaturalist","PRESENT","28eb1a3f-1c15-4a95-931a-4af90ecb574d","Soldanella minima subsp. minima",7900159,"ACCEPTED","SUBSPECIES",2025,"native",11.13505,45.702733
"Soldanella minima","Soldanella minima subsp. minima",7900159,"HUMAN_OBSERVATION",11,"Slovenia","SI","50c9509d-22c7-4a22-a47d-8c48425ef4a7",NA,NA,NA,"iNaturalist","PRESENT","28eb1a3f-1c15-4a95-931a-4af90ecb574d","Soldanella minima subsp. minima",7900159,"ACCEPTED","SUBSPECIES",2025,"native",13.832558,46.23998
"Soldanella minima","Soldanella minima subsp. minima",7900159,"HUMAN_OBSERVATION",31,"Italy","IT","50c9509d-22c7-4a22-a47d-8c48425ef4a7",NA,NA,NA,"iNaturalist","PRESENT","28eb1a3f-1c15-4a95-931a-4af90ecb574d","Soldanella minima subsp. minima",7900159,"ACCEPTED","SUBSPECIES",2025,"native",11.710172,46.399054
"Soldanella minima","Soldanella minima Hoppe",8109831,"HUMAN_OBSERVATION",NA,"Slovenia","SI","50c9509d-22c7-4a22-a47d-8c48425ef4a7",NA,NA,NA,"iNaturalist","PRESENT","28eb1a3f-1c15-4a95-931a-4af90ecb574d","Soldanella minima Hoppe",8109831,"ACCEPTED","SPECIES",2025,"native",13.746375,46.435503
"Soldanella minima","Soldanella minima subsp. minima",7900159,"HUMAN_OBSERVATION",14,"Italy","IT","50c9509d-22c7-4a22-a47d-8c48425ef4a7",NA,NA,NA,"iNaturalist","PRESENT","28eb1a3f-1c15-4a95-931a-4af90ecb574d","Soldanella minima subsp. minima",7900159,"ACCEPTED","SUBSPECIES",2025,"native",11.447662,45.976578
"Soldanella minima","Soldanella minima Hoppe",8109831,"HUMAN_OBSERVATION",14,"Italy","IT","50c9509d-22c7-4a22-a47d-8c48425ef4a7",NA,NA,NA,"iNaturalist","PRESENT","28eb1a3f-1c15-4a95-931a-4af90ecb574d","Soldanella minima Hoppe",8109831,"ACCEPTED","SPECIES",2025,"native",11.755455,46.513395
"Soldanella minima","Soldanella minima Hoppe",8109831,"HUMAN_OBSERVATION",NA,"Italy","IT","50c9509d-22c7-4a22-a47d-8c48425ef4a7",NA,NA,NA,"iNaturalist","PRESENT","28eb1a3f-1c15-4a95-931a-4af90ecb574d","Soldanella minima Hoppe",8109831,"ACCEPTED","SPECIES",2025,"native",12.506147,46.416503
"Soldanella minima","Soldanella minima subsp. minima",7900159,"HUMAN_OBSERVATION",NA,"Slovenia","SI","50c9509d-22c7-4a22-a47d-8c48425ef4a7",NA,NA,NA,"iNaturalist","PRESENT","28eb1a3f-1c15-4a95-931a-4af90ecb574d","Soldanella minima subsp. minima",7900159,"ACCEPTED","SUBSPECIES",2025,"native",14.618321,46.352163
"Soldanella minima","Soldanella minima Hoppe",8109831,"HUMAN_OBSERVATION",NA,"Italy","IT","50c9509d-22c7-4a22-a47d-8c48425ef4a7",NA,NA,NA,"iNaturalist","PRESENT","28eb1a3f-1c15-4a95-931a-4af90ecb574d","Soldanella minima Hoppe",8109831,"ACCEPTED","SPECIES",2025,"native",12.506564,46.416611
"Soldanella minima","Soldanella minima Hoppe",8109831,"HUMAN_OBSERVATION",250,"Austria","AT","6ac3f774-d9fb-4796-b3e9-92bf6c81c084",NA,NA,NA,"NABU|naturgucker","PRESENT","bb646dff-a905-4403-a49b-6d378c2cf0d9","Soldanella minima Hoppe",8109831,"ACCEPTED","SPECIES",2025,"native",10.194969,47.260361
"Soldanella minima","Soldanella minima subsp. minima",7900159,"HUMAN_OBSERVATION",4,"Slovenia","SI","50c9509d-22c7-4a22-a47d-8c48425ef4a7",NA,NA,NA,"iNaturalist","PRESENT","28eb1a3f-1c15-4a95-931a-4af90ecb574d","Soldanella minima subsp. minima",7900159,"ACCEPTED","SUBSPECIES",2025,"native",14.536434,46.353518
"Soldanella minima","Soldanella minima subsp. minima",7900159,"HUMAN_OBSERVATION",5,"Italy","IT","50c9509d-22c7-4a22-a47d-8c48425ef4a7",NA,NA,NA,"iNaturalist","PRESENT","28eb1a3f-1c15-4a95-931a-4af90ecb574d","Soldanella minima subsp. minima",7900159,"ACCEPTED","SUBSPECIES",2025,"native",11.848047,46.522458
"Soldanella minima","Soldanella minima Hoppe",8109831,"HUMAN_OBSERVATION",3,"Italy","IT","50c9509d-22c7-4a22-a47d-8c48425ef4a7",NA,NA,NA,"iNaturalist","PRESENT","28eb1a3f-1c15-4a95-931a-4af90ecb574d","Soldanella minima Hoppe",8109831,"ACCEPTED","SPECIES",2025,"native",11.847545,46.521778
"Soldanella minima","Soldanella minima Hoppe",8109831,"HUMAN_OBSERVATION",3,"Italy","IT","50c9509d-22c7-4a22-a47d-8c48425ef4a7",NA,NA,NA,"iNaturalist","PRESENT","28eb1a3f-1c15-4a95-931a-4af90ecb574d","Soldanella minima Hoppe",8109831,"ACCEPTED","SPECIES",2025,"native",11.848375,46.522605
"Soldanella minima","Soldanella minima Hoppe",8109831,"HUMAN_OBSERVATION",5,"Slovenia","SI","8a863029-f435-446a-821e-275f4f641165",NA,NA,1,NA,"PRESENT","c8d737e0-2ff8-42e8-b8fc-6b805d26fc5f","Soldanella minima Hoppe",8109831,"ACCEPTED","SPECIES",2025,"native",13.643896,46.440495
"Soldanella minima","Soldanella minima Hoppe",8109831,"HUMAN_OBSERVATION",NA,"Italy","IT","50c9509d-22c7-4a22-a47d-8c48425ef4a7",NA,NA,NA,"iNaturalist","PRESENT","28eb1a3f-1c15-4a95-931a-4af90ecb574d","Soldanella minima Hoppe",8109831,"ACCEPTED","SPECIES",2025,"native",11.635245,46.47116
"Soldanella minima","Soldanella minima Hoppe",8109831,"HUMAN_OBSERVATION",NA,"Italy","IT","50c9509d-22c7-4a22-a47d-8c48425ef4a7",NA,NA,NA,"iNaturalist","PRESENT","28eb1a3f-1c15-4a95-931a-4af90ecb574d","Soldanella minima Hoppe",8109831,"ACCEPTED","SPECIES",2025,"native",11.772211,46.510858
"Soldanella minima","Soldanella minima Hoppe",8109831,"HUMAN_OBSERVATION",NA,"Italy","IT","50c9509d-22c7-4a22-a47d-8c48425ef4a7",NA,NA,NA,"iNaturalist","PRESENT","28eb1a3f-1c15-4a95-931a-4af90ecb574d","Soldanella minima Hoppe",8109831,"ACCEPTED","SPECIES",2025,"native",11.770745,46.510463
"Soldanella minima","Soldanella minima subsp. minima",7900159,"HUMAN_OBSERVATION",2,"Austria","AT","50c9509d-22c7-4a22-a47d-8c48425ef4a7",NA,NA,NA,"iNaturalist","PRESENT","28eb1a3f-1c15-4a95-931a-4af90ecb574d","Soldanella minima subsp. minima",7900159,"ACCEPTED","SUBSPECIES",2025,"native",12.803756,46.770727
"Soldanella minima","Soldanella minima subsp. minima",7900159,"HUMAN_OBSERVATION",2,"Austria","AT","50c9509d-22c7-4a22-a47d-8c48425ef4a7",NA,NA,NA,"iNaturalist","PRESENT","28eb1a3f-1c15-4a95-931a-4af90ecb574d","Soldanella minima subsp. minima",7900159,"ACCEPTED","SUBSPECIES",2025,"native",12.803138,46.770965
"Soldanella minima","Soldanella minima subsp. minima",7900159,"HUMAN_OBSERVATION",2,"Austria","AT","50c9509d-22c7-4a22-a47d-8c48425ef4a7",NA,NA,NA,"iNaturalist","PRESENT","28eb1a3f-1c15-4a95-931a-4af90ecb574d","Soldanella minima subsp. minima",7900159,"ACCEPTED","SUBSPECIES",2025,"native",12.793607,46.765286
"Soldanella minima","Soldanella minima Hoppe",8109831,"HUMAN_OBSERVATION",2,"Austria","AT","50c9509d-22c7-4a22-a47d-8c48425ef4a7",NA,NA,NA,"iNaturalist","PRESENT","28eb1a3f-1c15-4a95-931a-4af90ecb574d","Soldanella minima Hoppe",8109831,"ACCEPTED","SPECIES",2025,"native",12.805581,46.765431
"Soldanella minima","Soldanella minima Hoppe",8109831,"HUMAN_OBSERVATION",2,"Austria","AT","50c9509d-22c7-4a22-a47d-8c48425ef4a7",NA,NA,NA,"iNaturalist","PRESENT","28eb1a3f-1c15-4a95-931a-4af90ecb574d","Soldanella minima Hoppe",8109831,"ACCEPTED","SPECIES",2025,"native",12.805619,46.76547
"Soldanella minima","Soldanella minima subsp. minima",7900159,"HUMAN_OBSERVATION",2,"Austria","AT","50c9509d-22c7-4a22-a47d-8c48425ef4a7",NA,NA,NA,"iNaturalist","PRESENT","28eb1a3f-1c15-4a95-931a-4af90ecb574d","Soldanella minima subsp. minima",7900159,"ACCEPTED","SUBSPECIES",2025,"native",12.790664,46.768462
"Soldanella minima","Soldanella minima subsp. minima",7900159,"HUMAN_OBSERVATION",2,"Austria","AT","50c9509d-22c7-4a22-a47d-8c48425ef4a7",NA,NA,NA,"iNaturalist","PRESENT","28eb1a3f-1c15-4a95-931a-4af90ecb574d","Soldanella minima subsp. minima",7900159,"ACCEPTED","SUBSPECIES",2025,"native",12.790741,46.767023
"Soldanella minima","Soldanella minima Hoppe",8109831,"HUMAN_OBSERVATION",2,"Austria","AT","50c9509d-22c7-4a22-a47d-8c48425ef4a7",NA,NA,NA,"iNaturalist","PRESENT","28eb1a3f-1c15-4a95-931a-4af90ecb574d","Soldanella minima Hoppe",8109831,"ACCEPTED","SPECIES",2025,"native",12.804111,46.768403
"Soldanella minima","Soldanella minima subsp. minima",7900159,"HUMAN_OBSERVATION",12,"Italy","IT","50c9509d-22c7-4a22-a47d-8c48425ef4a7",NA,NA,NA,"iNaturalist","PRESENT","28eb1a3f-1c15-4a95-931a-4af90ecb574d","Soldanella minima subsp. minima",7900159,"ACCEPTED","SUBSPECIES",2025,"native",11.845861,46.584454
"Soldanella minima","Soldanella minima subsp. minima",7900159,"HUMAN_OBSERVATION",4,"Austria","AT","50c9509d-22c7-4a22-a47d-8c48425ef4a7",NA,NA,NA,"iNaturalist","PRESENT","28eb1a3f-1c15-4a95-931a-4af90ecb574d","Soldanella minima subsp. minima",7900159,"ACCEPTED","SUBSPECIES",2025,"native",14.485785,46.504454
"Soldanella minima","Soldanella minima Hoppe",8109831,"HUMAN_OBSERVATION",3,"Austria","AT","50c9509d-22c7-4a22-a47d-8c48425ef4a7",NA,NA,NA,"iNaturalist","PRESENT","28eb1a3f-1c15-4a95-931a-4af90ecb574d","Soldanella minima Hoppe",8109831,"ACCEPTED","SPECIES",2025,"native",14.194821,46.452419
"Soldanella minima","Soldanella minima subsp. minima",7900159,"HUMAN_OBSERVATION",14,"Austria","AT","50c9509d-22c7-4a22-a47d-8c48425ef4a7",NA,NA,NA,"iNaturalist","PRESENT","28eb1a3f-1c15-4a95-931a-4af90ecb574d","Soldanella minima subsp. minima",7900159,"ACCEPTED","SUBSPECIES",2025,"native",12.518403,46.687862
"Soldanella minima","Soldanella minima Hoppe",8109831,"HUMAN_OBSERVATION",14,"Germany","DE","50c9509d-22c7-4a22-a47d-8c48425ef4a7",NA,NA,NA,"iNaturalist","PRESENT","28eb1a3f-1c15-4a95-931a-4af90ecb574d","Soldanella minima Hoppe",8109831,"ACCEPTED","SPECIES",2025,"native",11.036258,47.55518
"Soldanella minima","Soldanella minima subsp. minima",7900159,"HUMAN_OBSERVATION",298,"Slovenia","SI","50c9509d-22c7-4a22-a47d-8c48425ef4a7",NA,NA,NA,"iNaturalist","PRESENT","28eb1a3f-1c15-4a95-931a-4af90ecb574d","Soldanella minima subsp. minima",7900159,"ACCEPTED","SUBSPECIES",2025,"native",14.632764,46.361479
"Soldanella minima","Soldanella minima subsp. minima",7900159,"HUMAN_OBSERVATION",183,"Slovenia","SI","50c9509d-22c7-4a22-a47d-8c48425ef4a7",NA,NA,NA,"iNaturalist","PRESENT","28eb1a3f-1c15-4a95-931a-4af90ecb574d","Soldanella minima subsp. minima",7900159,"ACCEPTED","SUBSPECIES",2025,"native",14.587839,46.359104
"Soldanella minima","Soldanella minima subsp. minima",7900159,"HUMAN_OBSERVATION",NA,"Italy","IT","50c9509d-22c7-4a22-a47d-8c48425ef4a7",NA,NA,NA,"iNaturalist","PRESENT","28eb1a3f-1c15-4a95-931a-4af90ecb574d","Soldanella minima subsp. minima",7900159,"ACCEPTED","SUBSPECIES",2025,"native",12.373789,46.658525
"Soldanella minima","Soldanella minima Hoppe",8109831,"HUMAN_OBSERVATION",NA,"Italy","IT","50c9509d-22c7-4a22-a47d-8c48425ef4a7",NA,NA,NA,"iNaturalist","PRESENT","28eb1a3f-1c15-4a95-931a-4af90ecb574d","Soldanella minima Hoppe",8109831,"ACCEPTED","SPECIES",2025,"native",11.817075,46.306283
"Soldanella minima","Soldanella minima Hoppe",8109831,"HUMAN_OBSERVATION",126,"Slovenia","SI","50c9509d-22c7-4a22-a47d-8c48425ef4a7",NA,NA,NA,"iNaturalist","PRESENT","28eb1a3f-1c15-4a95-931a-4af90ecb574d","Soldanella minima Hoppe",8109831,"ACCEPTED","SPECIES",2025,"native",14.588239,46.379336
"Soldanella minima","Soldanella minima Hoppe",8109831,"HUMAN_OBSERVATION",173,"Italy","IT","50c9509d-22c7-4a22-a47d-8c48425ef4a7",NA,NA,NA,"iNaturalist","PRESENT","28eb1a3f-1c15-4a95-931a-4af90ecb574d","Soldanella minima Hoppe",8109831,"ACCEPTED","SPECIES",2025,"native",11.813934,46.649087
"Soldanella minima","Soldanella minima Hoppe",8109831,"HUMAN_OBSERVATION",61,"Slovenia","SI","50c9509d-22c7-4a22-a47d-8c48425ef4a7",NA,NA,NA,"iNaturalist","PRESENT","28eb1a3f-1c15-4a95-931a-4af90ecb574d","Soldanella minima Hoppe",8109831,"ACCEPTED","SPECIES",2025,"native",14.53555,46.354758
"Soldanella minima","Soldanella minima Hoppe",8109831,"HUMAN_OBSERVATION",172,"Italy","IT","50c9509d-22c7-4a22-a47d-8c48425ef4a7",NA,NA,NA,"iNaturalist","PRESENT","28eb1a3f-1c15-4a95-931a-4af90ecb574d","Soldanella minima Hoppe",8109831,"ACCEPTED","SPECIES",2025,"native",11.611917,46.464726
"Soldanella minima","Soldanella minima Hoppe",8109831,"HUMAN_OBSERVATION",21,"Austria","AT","50c9509d-22c7-4a22-a47d-8c48425ef4a7",NA,NA,NA,"iNaturalist","PRESENT","28eb1a3f-1c15-4a95-931a-4af90ecb574d","Soldanella minima Hoppe",8109831,"ACCEPTED","SPECIES",2025,"native",12.795733,46.762853
"Soldanella minima","Soldanella minima Hoppe",8109831,"HUMAN_OBSERVATION",3,"Italy","IT","50c9509d-22c7-4a22-a47d-8c48425ef4a7",NA,NA,NA,"iNaturalist","PRESENT","28eb1a3f-1c15-4a95-931a-4af90ecb574d","Soldanella minima Hoppe",8109831,"ACCEPTED","SPECIES",2025,"native",11.771171,46.510248
"Soldanella minima","Soldanella minima subsp. minima",7900159,"HUMAN_OBSERVATION",258,"Austria","AT","50c9509d-22c7-4a22-a47d-8c48425ef4a7",NA,NA,NA,"iNaturalist","PRESENT","28eb1a3f-1c15-4a95-931a-4af90ecb574d","Soldanella minima subsp. minima",7900159,"ACCEPTED","SUBSPECIES",2025,"native",13.958301,46.506487
"Soldanella minima","Soldanella minima Hoppe",8109831,"HUMAN_OBSERVATION",251,"Italy","IT","50c9509d-22c7-4a22-a47d-8c48425ef4a7",NA,NA,NA,"iNaturalist","PRESENT","28eb1a3f-1c15-4a95-931a-4af90ecb574d","Soldanella minima Hoppe",8109831,"ACCEPTED","SPECIES",2025,"native",12.287493,46.58535
"Soldanella minima","Soldanella minima subsp. minima",7900159,"HUMAN_OBSERVATION",NA,"Italy","IT","50c9509d-22c7-4a22-a47d-8c48425ef4a7",NA,NA,NA,"iNaturalist","PRESENT","28eb1a3f-1c15-4a95-931a-4af90ecb574d","Soldanella minima subsp. minima",7900159,"ACCEPTED","SUBSPECIES",2025,"native",12.371719,46.620978
"Soldanella minima","Soldanella minima subsp. minima",7900159,"HUMAN_OBSERVATION",4,"Slovenia","SI","8a863029-f435-446a-821e-275f4f641165",NA,NA,1,NA,"PRESENT","c8d737e0-2ff8-42e8-b8fc-6b805d26fc5f","Soldanella minima subsp. minima",7900159,"ACCEPTED","SUBSPECIES",2025,"native",13.738205,46.440131
"Soldanella minima","Soldanella minima subsp. minima",7900159,"HUMAN_OBSERVATION",4,"Slovenia","SI","8a863029-f435-446a-821e-275f4f641165",NA,NA,1,NA,"PRESENT","c8d737e0-2ff8-42e8-b8fc-6b805d26fc5f","Soldanella minima subsp. minima",7900159,"ACCEPTED","SUBSPECIES",2025,"native",13.740153,46.440708
"Soldanella minima","Soldanella minima Hoppe",8109831,"HUMAN_OBSERVATION",122,"Italy","IT","50c9509d-22c7-4a22-a47d-8c48425ef4a7",NA,NA,NA,"iNaturalist","PRESENT","28eb1a3f-1c15-4a95-931a-4af90ecb574d","Soldanella minima Hoppe",8109831,"ACCEPTED","SPECIES",2025,"native",11.604003,46.501577
"Soldanella minima","Soldanella minima Hoppe",8109831,"HUMAN_OBSERVATION",5,"Slovenia","SI","8a863029-f435-446a-821e-275f4f641165",NA,NA,1,NA,"PRESENT","c8d737e0-2ff8-42e8-b8fc-6b805d26fc5f","Soldanella minima Hoppe",8109831,"ACCEPTED","SPECIES",2024,"native",14.739276,46.410187
"Soldanella minima","Soldanella minima Hoppe",8109831,"HUMAN_OBSERVATION",11,"Slovenia","SI","50c9509d-22c7-4a22-a47d-8c48425ef4a7",NA,NA,NA,"iNaturalist","PRESENT","28eb1a3f-1c15-4a95-931a-4af90ecb574d","Soldanella minima Hoppe",8109831,"ACCEPTED","SPECIES",2024,"native",14.646525,46.300734
"Soldanella minima","Soldanella minima Hoppe",8109831,"HUMAN_OBSERVATION",NA,"Italy","IT","50c9509d-22c7-4a22-a47d-8c48425ef4a7",NA,NA,NA,"iNaturalist","PRESENT","28eb1a3f-1c15-4a95-931a-4af90ecb574d","Soldanella minima Hoppe",8109831,"ACCEPTED","SPECIES",2024,"native",11.815304,46.311661
"Soldanella minima","Soldanella minima subsp. minima",7900159,"HUMAN_OBSERVATION",4,"Italy","IT","50c9509d-22c7-4a22-a47d-8c48425ef4a7",NA,NA,NA,"iNaturalist","PRESENT","28eb1a3f-1c15-4a95-931a-4af90ecb574d","Soldanella minima subsp. minima",7900159,"ACCEPTED","SUBSPECIES",2024,"native",11.136108,45.704422
"Soldanella minima","Soldanella minima subsp. minima",7900159,"HUMAN_OBSERVATION",8,"Italy","IT","50c9509d-22c7-4a22-a47d-8c48425ef4a7",NA,NA,NA,"iNaturalist","PRESENT","28eb1a3f-1c15-4a95-931a-4af90ecb574d","Soldanella minima subsp. minima",7900159,"ACCEPTED","SUBSPECIES",2024,"native",11.726337,46.532233
"Soldanella minima","Soldanella minima subsp. minima",7900159,"HUMAN_OBSERVATION",8,"Italy","IT","50c9509d-22c7-4a22-a47d-8c48425ef4a7",NA,NA,NA,"iNaturalist","PRESENT","28eb1a3f-1c15-4a95-931a-4af90ecb574d","Soldanella minima subsp. minima",7900159,"ACCEPTED","SUBSPECIES",2024,"native",11.802548,46.304247
"Soldanella minima","Soldanella minima subsp. minima",7900159,"HUMAN_OBSERVATION",4,"Italy","IT","50c9509d-22c7-4a22-a47d-8c48425ef4a7",NA,NA,NA,"iNaturalist","PRESENT","28eb1a3f-1c15-4a95-931a-4af90ecb574d","Soldanella minima subsp. minima",7900159,"ACCEPTED","SUBSPECIES",2024,"native",11.999442,46.522533
"Soldanella minima","Soldanella minima subsp. minima",7900159,"HUMAN_OBSERVATION",2599,"Italy","IT","50c9509d-22c7-4a22-a47d-8c48425ef4a7",NA,NA,NA,"iNaturalist","PRESENT","28eb1a3f-1c15-4a95-931a-4af90ecb574d","Soldanella minima subsp. minima",7900159,"ACCEPTED","SUBSPECIES",2024,"native",11.810118,46.354787
"Soldanella minima","Soldanella minima subsp. minima",7900159,"HUMAN_OBSERVATION",24,"Italy","IT","50c9509d-22c7-4a22-a47d-8c48425ef4a7",NA,NA,NA,"iNaturalist","PRESENT","28eb1a3f-1c15-4a95-931a-4af90ecb574d","Soldanella minima subsp. minima",7900159,"ACCEPTED","SUBSPECIES",2024,"native",11.636912,46.502083
"Soldanella minima","Soldanella minima subsp. minima",7900159,"HUMAN_OBSERVATION",5,"Italy","IT","50c9509d-22c7-4a22-a47d-8c48425ef4a7",NA,NA,NA,"iNaturalist","PRESENT","28eb1a3f-1c15-4a95-931a-4af90ecb574d","Soldanella minima subsp. minima",7900159,"ACCEPTED","SUBSPECIES",2024,"native",12.139353,46.65287
"Soldanella minima","Soldanella minima subsp. minima",7900159,"HUMAN_OBSERVATION",7,"Italy","IT","50c9509d-22c7-4a22-a47d-8c48425ef4a7",NA,NA,NA,"iNaturalist","PRESENT","28eb1a3f-1c15-4a95-931a-4af90ecb574d","Soldanella minima subsp. minima",7900159,"ACCEPTED","SUBSPECIES",2024,"native",11.83415,46.308009
"Soldanella minima","Soldanella minima subsp. minima",7900159,"HUMAN_OBSERVATION",NA,"Austria","AT","50c9509d-22c7-4a22-a47d-8c48425ef4a7",NA,NA,NA,"iNaturalist","PRESENT","28eb1a3f-1c15-4a95-931a-4af90ecb574d","Soldanella minima subsp. minima",7900159,"ACCEPTED","SUBSPECIES",2024,"native",13.272469,46.564106
"Soldanella minima","Soldanella minima subsp. minima",7900159,"HUMAN_OBSERVATION",170,"Slovenia","SI","50c9509d-22c7-4a22-a47d-8c48425ef4a7",NA,NA,NA,"iNaturalist","PRESENT","28eb1a3f-1c15-4a95-931a-4af90ecb574d","Soldanella minima subsp. minima",7900159,"ACCEPTED","SUBSPECIES",2024,"native",13.735425,46.443161
"Soldanella minima","Soldanella minima subsp. minima",7900159,"HUMAN_OBSERVATION",1217,"Italy","IT","50c9509d-22c7-4a22-a47d-8c48425ef4a7",NA,NA,NA,"iNaturalist","PRESENT","28eb1a3f-1c15-4a95-931a-4af90ecb574d","Soldanella minima subsp. minima",7900159,"ACCEPTED","SUBSPECIES",2024,"native",12.047477,46.493445
"Soldanella minima","Soldanella minima subsp. minima",7900159,"HUMAN_OBSERVATION",8,"Italy","IT","50c9509d-22c7-4a22-a47d-8c48425ef4a7",NA,NA,NA,"iNaturalist","PRESENT","28eb1a3f-1c15-4a95-931a-4af90ecb574d","Soldanella minima subsp. minima",7900159,"ACCEPTED","SUBSPECIES",2024,"native",12.310607,46.620929
"Soldanella minima","Soldanella minima Hoppe",8109831,"HUMAN_OBSERVATION",5,"Slovenia","SI","50c9509d-22c7-4a22-a47d-8c48425ef4a7",NA,NA,NA,"iNaturalist","PRESENT","28eb1a3f-1c15-4a95-931a-4af90ecb574d","Soldanella minima Hoppe",8109831,"ACCEPTED","SPECIES",2024,"native",13.795175,46.344712
"Soldanella minima","Soldanella minima Hoppe",8109831,"HUMAN_OBSERVATION",244,"Italy","IT","50c9509d-22c7-4a22-a47d-8c48425ef4a7",NA,NA,NA,"iNaturalist","PRESENT","28eb1a3f-1c15-4a95-931a-4af90ecb574d","Soldanella minima Hoppe",8109831,"ACCEPTED","SPECIES",2024,"native",12.315528,46.626335
"Soldanella minima","Soldanella minima subsp. minima",7900159,"HUMAN_OBSERVATION",17,"Italy","IT","50c9509d-22c7-4a22-a47d-8c48425ef4a7",NA,NA,NA,"iNaturalist","PRESENT","28eb1a3f-1c15-4a95-931a-4af90ecb574d","Soldanella minima subsp. minima",7900159,"ACCEPTED","SUBSPECIES",2024,"native",11.730833,46.51972
"Soldanella minima","Soldanella minima subsp. minima",7900159,"HUMAN_OBSERVATION",NA,"Italy","IT","50c9509d-22c7-4a22-a47d-8c48425ef4a7",NA,NA,NA,"iNaturalist","PRESENT","28eb1a3f-1c15-4a95-931a-4af90ecb574d","Soldanella minima subsp. minima",7900159,"ACCEPTED","SUBSPECIES",2024,"native",12.019743,46.506908
"Soldanella minima","Soldanella minima Hoppe",8109831,"HUMAN_OBSERVATION",NA,"Italy","IT","50c9509d-22c7-4a22-a47d-8c48425ef4a7",NA,NA,NA,"iNaturalist","PRESENT","28eb1a3f-1c15-4a95-931a-4af90ecb574d","Soldanella minima Hoppe",8109831,"ACCEPTED","SPECIES",2024,"native",12.067233,46.394633
"Soldanella minima","Soldanella minima Hoppe",8109831,"HUMAN_OBSERVATION",NA,"Italy","IT","50c9509d-22c7-4a22-a47d-8c48425ef4a7",NA,NA,NA,"iNaturalist","PRESENT","28eb1a3f-1c15-4a95-931a-4af90ecb574d","Soldanella minima Hoppe",8109831,"ACCEPTED","SPECIES",2024,"native",12.066205,46.39676
"Soldanella minima","Soldanella minima Hoppe",8109831,"HUMAN_OBSERVATION",NA,"Italy","IT","50c9509d-22c7-4a22-a47d-8c48425ef4a7",NA,NA,NA,"iNaturalist","PRESENT","28eb1a3f-1c15-4a95-931a-4af90ecb574d","Soldanella minima Hoppe",8109831,"ACCEPTED","SPECIES",2024,"native",12.311626,46.627866
"Soldanella minima","Soldanella minima subsp. minima",7900159,"HUMAN_OBSERVATION",309,"Slovenia","SI","50c9509d-22c7-4a22-a47d-8c48425ef4a7",NA,NA,NA,"iNaturalist","PRESENT","28eb1a3f-1c15-4a95-931a-4af90ecb574d","Soldanella minima subsp. minima",7900159,"ACCEPTED","SUBSPECIES",2024,"native",13.784818,46.342034
"Soldanella minima","Soldanella minima subsp. samnitica Cristofol. & Pignatti",8157030,"HUMAN_OBSERVATION",NA,"Italy","IT","50c9509d-22c7-4a22-a47d-8c48425ef4a7",NA,NA,NA,"iNaturalist","PRESENT","28eb1a3f-1c15-4a95-931a-4af90ecb574d","Soldanella minima subsp. samnitica Cristofol. & Pignatti",8157030,"ACCEPTED","SUBSPECIES",2024,"native",14.11759,42.116227
"Soldanella minima","Soldanella minima subsp. minima",7900159,"HUMAN_OBSERVATION",NA,"Italy","IT","50c9509d-22c7-4a22-a47d-8c48425ef4a7",NA,NA,NA,"iNaturalist","PRESENT","28eb1a3f-1c15-4a95-931a-4af90ecb574d","Soldanella minima subsp. minima",7900159,"ACCEPTED","SUBSPECIES",2024,"native",11.81653,46.305647
"Soldanella minima","Soldanella minima subsp. minima",7900159,"HUMAN_OBSERVATION",931,"Austria","AT","50c9509d-22c7-4a22-a47d-8c48425ef4a7",NA,NA,NA,"iNaturalist","PRESENT","28eb1a3f-1c15-4a95-931a-4af90ecb574d","Soldanella minima subsp. minima",7900159,"ACCEPTED","SUBSPECIES",2024,"native",12.770813,46.807755
"Soldanella minima","Soldanella minima subsp. minima",7900159,"HUMAN_OBSERVATION",6,"Italy","IT","50c9509d-22c7-4a22-a47d-8c48425ef4a7",NA,NA,NA,"iNaturalist","PRESENT","28eb1a3f-1c15-4a95-931a-4af90ecb574d","Soldanella minima subsp. minima",7900159,"ACCEPTED","SUBSPECIES",2023,"native",11.618841,46.417064
"Soldanella minima","Soldanella minima Hoppe",8109831,"HUMAN_OBSERVATION",25,"Slovenia","SI","8a863029-f435-446a-821e-275f4f641165",NA,NA,1,NA,"PRESENT","c8d737e0-2ff8-42e8-b8fc-6b805d26fc5f","Soldanella minima Hoppe",8109831,"ACCEPTED","SPECIES",2023,"native",13.74358,46.433617
"Soldanella minima","Soldanella minima subsp. minima",7900159,"HUMAN_OBSERVATION",9,"Germany","DE","50c9509d-22c7-4a22-a47d-8c48425ef4a7",NA,NA,NA,"iNaturalist","PRESENT","28eb1a3f-1c15-4a95-931a-4af90ecb574d","Soldanella minima subsp. minima",7900159,"ACCEPTED","SUBSPECIES",2023,"native",11.003347,47.544155
"Soldanella minima","Soldanella minima subsp. minima",7900159,"HUMAN_OBSERVATION",NA,"Italy","IT","50c9509d-22c7-4a22-a47d-8c48425ef4a7",NA,NA,NA,"iNaturalist","PRESENT","28eb1a3f-1c15-4a95-931a-4af90ecb574d","Soldanella minima subsp. minima",7900159,"ACCEPTED","SUBSPECIES",2023,"native",11.755053,46.513478
"Soldanella minima","Soldanella minima subsp. minima",7900159,"HUMAN_OBSERVATION",NA,"Slovenia","SI","50c9509d-22c7-4a22-a47d-8c48425ef4a7",NA,NA,NA,"iNaturalist","PRESENT","28eb1a3f-1c15-4a95-931a-4af90ecb574d","Soldanella minima subsp. minima",7900159,"ACCEPTED","SUBSPECIES",2023,"native",13.724449,46.287343
"Soldanella minima","Soldanella minima subsp. minima",7900159,"HUMAN_OBSERVATION",NA,"Italy","IT","50c9509d-22c7-4a22-a47d-8c48425ef4a7",NA,NA,NA,"iNaturalist","PRESENT","28eb1a3f-1c15-4a95-931a-4af90ecb574d","Soldanella minima subsp. minima",7900159,"ACCEPTED","SUBSPECIES",2023,"native",11.883635,46.453582
"Soldanella minima","Soldanella minima subsp. minima",7900159,"HUMAN_OBSERVATION",NA,"Italy","IT","50c9509d-22c7-4a22-a47d-8c48425ef4a7",NA,NA,NA,"iNaturalist","PRESENT","28eb1a3f-1c15-4a95-931a-4af90ecb574d","Soldanella minima subsp. minima",7900159,"ACCEPTED","SUBSPECIES",2023,"native",11.808997,46.292582
"Soldanella minima","Soldanella minima Hoppe",8109831,"HUMAN_OBSERVATION",NA,"Italy","IT","50c9509d-22c7-4a22-a47d-8c48425ef4a7",NA,NA,NA,"iNaturalist","PRESENT","28eb1a3f-1c15-4a95-931a-4af90ecb574d","Soldanella minima Hoppe",8109831,"ACCEPTED","SPECIES",2023,"native",12.067907,46.47424
"Soldanella minima","Soldanella minima subsp. minima",7900159,"HUMAN_OBSERVATION",8,"Austria","AT","50c9509d-22c7-4a22-a47d-8c48425ef4a7",NA,NA,NA,"iNaturalist","PRESENT","28eb1a3f-1c15-4a95-931a-4af90ecb574d","Soldanella minima subsp. minima",7900159,"ACCEPTED","SUBSPECIES",2023,"native",14.766091,46.515341
"Soldanella minima","Soldanella minima subsp. minima",7900159,"HUMAN_OBSERVATION",4,"Austria","AT","50c9509d-22c7-4a22-a47d-8c48425ef4a7",NA,NA,NA,"iNaturalist","PRESENT","28eb1a3f-1c15-4a95-931a-4af90ecb574d","Soldanella minima subsp. minima",7900159,"ACCEPTED","SUBSPECIES",2023,"native",14.755072,46.506538
"Soldanella minima","Soldanella minima subsp. minima",7900159,"HUMAN_OBSERVATION",69,"Austria","AT","50c9509d-22c7-4a22-a47d-8c48425ef4a7",NA,NA,NA,"iNaturalist","PRESENT","28eb1a3f-1c15-4a95-931a-4af90ecb574d","Soldanella minima subsp. minima",7900159,"ACCEPTED","SUBSPECIES",2023,"native",14.76572,46.519114
"Soldanella minima","Soldanella minima subsp. minima",7900159,"HUMAN_OBSERVATION",867,"Italy","IT","50c9509d-22c7-4a22-a47d-8c48425ef4a7",NA,NA,NA,"iNaturalist","PRESENT","28eb1a3f-1c15-4a95-931a-4af90ecb574d","Soldanella minima subsp. minima",7900159,"ACCEPTED","SUBSPECIES",2023,"native",11.737448,46.53025
"Soldanella minima","Soldanella minima Hoppe",8109831,"HUMAN_OBSERVATION",8,"Italy","IT","8a863029-f435-446a-821e-275f4f641165",NA,NA,7,NA,"PRESENT","c8d737e0-2ff8-42e8-b8fc-6b805d26fc5f","Soldanella minima Hoppe",8109831,"ACCEPTED","SPECIES",2023,"native",11.718609,46.524182
"Soldanella minima","Soldanella minima subsp. minima",7900159,"HUMAN_OBSERVATION",26839,"Germany","DE","50c9509d-22c7-4a22-a47d-8c48425ef4a7",NA,NA,NA,"iNaturalist","PRESENT","28eb1a3f-1c15-4a95-931a-4af90ecb574d","Soldanella minima subsp. minima",7900159,"ACCEPTED","SUBSPECIES",2023,"native",11.265165,47.552289
"Soldanella minima","Soldanella minima subsp. minima",7900159,"HUMAN_OBSERVATION",15,"Austria","AT","50c9509d-22c7-4a22-a47d-8c48425ef4a7",NA,NA,NA,"iNaturalist","PRESENT","28eb1a3f-1c15-4a95-931a-4af90ecb574d","Soldanella minima subsp. minima",7900159,"ACCEPTED","SUBSPECIES",2023,"native",14.764661,46.515025
"Soldanella minima","Soldanella minima subsp. minima",7900159,"HUMAN_OBSERVATION",23,"Italy","IT","50c9509d-22c7-4a22-a47d-8c48425ef4a7",NA,NA,NA,"iNaturalist","PRESENT","28eb1a3f-1c15-4a95-931a-4af90ecb574d","Soldanella minima subsp. minima",7900159,"ACCEPTED","SUBSPECIES",2023,"native",11.153334,45.718983
"Soldanella minima","Soldanella minima subsp. minima",7900159,"HUMAN_OBSERVATION",15,"Italy","IT","50c9509d-22c7-4a22-a47d-8c48425ef4a7",NA,NA,NA,"iNaturalist","PRESENT","28eb1a3f-1c15-4a95-931a-4af90ecb574d","Soldanella minima subsp. minima",7900159,"ACCEPTED","SUBSPECIES",2023,"native",11.154753,45.721003
"Soldanella minima","Soldanella minima subsp. minima",7900159,"HUMAN_OBSERVATION",186,"Italy","IT","50c9509d-22c7-4a22-a47d-8c48425ef4a7",NA,NA,NA,"iNaturalist","PRESENT","28eb1a3f-1c15-4a95-931a-4af90ecb574d","Soldanella minima subsp. minima",7900159,"ACCEPTED","SUBSPECIES",2023,"native",12.296968,46.606655
"Soldanella minima","Soldanella minima subsp. minima",7900159,"HUMAN_OBSERVATION",NA,"Austria","AT","50c9509d-22c7-4a22-a47d-8c48425ef4a7",NA,NA,NA,"iNaturalist","PRESENT","28eb1a3f-1c15-4a95-931a-4af90ecb574d","Soldanella minima subsp. minima",7900159,"ACCEPTED","SUBSPECIES",2023,"native",14.766347,46.506697
"Soldanella minima","Soldanella minima subsp. minima",7900159,"HUMAN_OBSERVATION",NA,"Italy","IT","50c9509d-22c7-4a22-a47d-8c48425ef4a7",NA,NA,NA,"iNaturalist","PRESENT","28eb1a3f-1c15-4a95-931a-4af90ecb574d","Soldanella minima subsp. minima",7900159,"ACCEPTED","SUBSPECIES",2023,"native",11.741828,46.585794
"Soldanella minima","Soldanella minima subsp. minima",7900159,"HUMAN_OBSERVATION",NA,"Italy","IT","50c9509d-22c7-4a22-a47d-8c48425ef4a7",NA,NA,NA,"iNaturalist","PRESENT","28eb1a3f-1c15-4a95-931a-4af90ecb574d","Soldanella minima subsp. minima",7900159,"ACCEPTED","SUBSPECIES",2023,"native",12.092517,46.677178
"Soldanella minima","Soldanella minima subsp. minima",7900159,"HUMAN_OBSERVATION",NA,"Italy","IT","50c9509d-22c7-4a22-a47d-8c48425ef4a7",NA,NA,NA,"iNaturalist","PRESENT","28eb1a3f-1c15-4a95-931a-4af90ecb574d","Soldanella minima subsp. minima",7900159,"ACCEPTED","SUBSPECIES",2023,"native",11.862378,46.402419
"Soldanella minima","Soldanella minima Hoppe",8109831,"HUMAN_OBSERVATION",250,"Austria","AT","6ac3f774-d9fb-4796-b3e9-92bf6c81c084",NA,NA,NA,"NABU|naturgucker","PRESENT","bb646dff-a905-4403-a49b-6d378c2cf0d9","Soldanella minima Hoppe",8109831,"ACCEPTED","SPECIES",2023,"native",12.032629,47.120598
"Soldanella minima","Soldanella minima subsp. minima",7900159,"HUMAN_OBSERVATION",NA,"Austria","AT","50c9509d-22c7-4a22-a47d-8c48425ef4a7",NA,NA,NA,"iNaturalist","PRESENT","28eb1a3f-1c15-4a95-931a-4af90ecb574d","Soldanella minima subsp. minima",7900159,"ACCEPTED","SUBSPECIES",2023,"native",14.766015,46.51539
"Soldanella minima","Soldanella minima subsp. minima",7900159,"HUMAN_OBSERVATION",5,"Slovenia","SI","50c9509d-22c7-4a22-a47d-8c48425ef4a7",NA,NA,NA,"iNaturalist","PRESENT","28eb1a3f-1c15-4a95-931a-4af90ecb574d","Soldanella minima subsp. minima",7900159,"ACCEPTED","SUBSPECIES",2023,"native",14.543593,46.349115
"Soldanella minima","Soldanella minima subsp. minima",7900159,"HUMAN_OBSERVATION",63,"Italy","IT","50c9509d-22c7-4a22-a47d-8c48425ef4a7",NA,NA,NA,"iNaturalist","PRESENT","28eb1a3f-1c15-4a95-931a-4af90ecb574d","Soldanella minima subsp. minima",7900159,"ACCEPTED","SUBSPECIES",2023,"native",12.163813,46.649088
"Soldanella minima","Soldanella minima Hoppe",8109831,"HUMAN_OBSERVATION",3535,"Switzerland","CH","83fdfd3d-3a25-4705-9fbe-3db1d1892b13",NA,NA,NA,NA,"PRESENT","64ee55c9-570a-42af-b7da-3f13c6b4e5a9","Soldanella minima Hoppe",8109831,"ACCEPTED","SPECIES",2023,NA,9.44229,46.95606
"Soldanella minima","Soldanella minima Hoppe",8109831,"HUMAN_OBSERVATION",NA,"Slovenia","SI","8a863029-f435-446a-821e-275f4f641165",NA,NA,1,NA,"PRESENT","c8d737e0-2ff8-42e8-b8fc-6b805d26fc5f","Soldanella minima Hoppe",8109831,"ACCEPTED","SPECIES",2023,"native",14.742222,46.398056
"Soldanella minima","Soldanella minima subsp. minima",7900159,"HUMAN_OBSERVATION",15,"Italy","IT","50c9509d-22c7-4a22-a47d-8c48425ef4a7",NA,NA,NA,"iNaturalist","PRESENT","28eb1a3f-1c15-4a95-931a-4af90ecb574d","Soldanella minima subsp. minima",7900159,"ACCEPTED","SUBSPECIES",2023,"native",11.852334,46.418724
"Soldanella minima","Soldanella minima subsp. minima",7900159,"HUMAN_OBSERVATION",83,"Italy","IT","50c9509d-22c7-4a22-a47d-8c48425ef4a7",NA,NA,NA,"iNaturalist","PRESENT","28eb1a3f-1c15-4a95-931a-4af90ecb574d","Soldanella minima subsp. minima",7900159,"ACCEPTED","SUBSPECIES",2023,"native",11.833385,46.263398
"Soldanella minima","Soldanella minima subsp. minima",7900159,"HUMAN_OBSERVATION",NA,"Italy","IT","50c9509d-22c7-4a22-a47d-8c48425ef4a7",NA,NA,NA,"iNaturalist","PRESENT","28eb1a3f-1c15-4a95-931a-4af90ecb574d","Soldanella minima subsp. minima",7900159,"ACCEPTED","SUBSPECIES",2023,"native",11.767193,46.519696
"Soldanella minima","Soldanella minima subsp. minima",7900159,"HUMAN_OBSERVATION",36,"Italy","IT","50c9509d-22c7-4a22-a47d-8c48425ef4a7",NA,NA,NA,"iNaturalist","PRESENT","28eb1a3f-1c15-4a95-931a-4af90ecb574d","Soldanella minima subsp. minima",7900159,"ACCEPTED","SUBSPECIES",2023,"native",12.131606,46.210275
"Soldanella minima","Soldanella minima Hoppe",8109831,"OBSERVATION",NA,"Germany","DE","64dabd3c-4f34-4520-b9dd-d227a0bf1582",NA,NA,NA,"BFL","PRESENT","0674aea0-a7e1-11d8-9534-b8a03c50a862","Soldanella minima Hoppe",8109831,"ACCEPTED","SPECIES",2023,"native",11.21,47.57
"Soldanella minima","Soldanella minima subsp. minima",7900159,"HUMAN_OBSERVATION",48,"Slovenia","SI","50c9509d-22c7-4a22-a47d-8c48425ef4a7",NA,NA,NA,"iNaturalist","PRESENT","28eb1a3f-1c15-4a95-931a-4af90ecb574d","Soldanella minima subsp. minima",7900159,"ACCEPTED","SUBSPECIES",2022,"native",13.776762,46.444937
"Soldanella minima","Soldanella minima subsp. minima",7900159,"HUMAN_OBSERVATION",15,"Italy","IT","50c9509d-22c7-4a22-a47d-8c48425ef4a7",NA,NA,NA,"iNaturalist","PRESENT","28eb1a3f-1c15-4a95-931a-4af90ecb574d","Soldanella minima subsp. minima",7900159,"ACCEPTED","SUBSPECIES",2022,"native",11.635638,46.451732
"Soldanella minima","Soldanella minima Hoppe",8109831,"HUMAN_OBSERVATION",NA,"Italy","IT","14d5676a-2c54-4f94-9023-1e8dcd822aa0",NA,NA,1,NA,"PRESENT","da86174a-a605-43a4-a5e8-53d484152cd3","Soldanella minima Hoppe",8109831,"ACCEPTED","SPECIES",2022,"native",12.088606,46.694046
"Soldanella minima","Soldanella minima subsp. minima",7900159,"HUMAN_OBSERVATION",3113,"Italy","IT","50c9509d-22c7-4a22-a47d-8c48425ef4a7",NA,NA,NA,"iNaturalist","PRESENT","28eb1a3f-1c15-4a95-931a-4af90ecb574d","Soldanella minima subsp. minima",7900159,"ACCEPTED","SUBSPECIES",2022,"native",12.105833,46.488889
"Soldanella minima","Soldanella minima Hoppe",8109831,"HUMAN_OBSERVATION",5,"Slovenia","SI","8a863029-f435-446a-821e-275f4f641165",NA,NA,1,NA,"PRESENT","c8d737e0-2ff8-42e8-b8fc-6b805d26fc5f","Soldanella minima Hoppe",8109831,"ACCEPTED","SPECIES",2022,"native",14.535243,46.351648
"Soldanella minima","Soldanella minima subsp. minima",7900159,"HUMAN_OBSERVATION",NA,"Italy","IT","50c9509d-22c7-4a22-a47d-8c48425ef4a7",NA,NA,NA,"iNaturalist","PRESENT","28eb1a3f-1c15-4a95-931a-4af90ecb574d","Soldanella minima subsp. minima",7900159,"ACCEPTED","SUBSPECIES",2022,"native",12.088766,46.6941
"Soldanella minima","Soldanella minima Hoppe",8109831,"HUMAN_OBSERVATION",250,"Austria","AT","6ac3f774-d9fb-4796-b3e9-92bf6c81c084",NA,NA,NA,"NABU|naturgucker","PRESENT","bb646dff-a905-4403-a49b-6d378c2cf0d9","Soldanella minima Hoppe",8109831,"ACCEPTED","SPECIES",2022,"native",12.004066,47.114765
"Soldanella minima","Soldanella minima subsp. minima",7900159,"HUMAN_OBSERVATION",7,"Slovenia","SI","50c9509d-22c7-4a22-a47d-8c48425ef4a7",NA,NA,NA,"iNaturalist","PRESENT","28eb1a3f-1c15-4a95-931a-4af90ecb574d","Soldanella minima subsp. minima",7900159,"ACCEPTED","SUBSPECIES",2022,"native",14.205629,46.439087
"Soldanella minima","Soldanella minima Hoppe",8109831,"HUMAN_OBSERVATION",9,"Italy","IT","14d5676a-2c54-4f94-9023-1e8dcd822aa0",NA,NA,1,NA,"PRESENT","da86174a-a605-43a4-a5e8-53d484152cd3","Soldanella minima Hoppe",8109831,"ACCEPTED","SPECIES",2022,"native",11.823917,46.327864
"Soldanella minima","Soldanella minima subsp. minima",7900159,"HUMAN_OBSERVATION",4,"Italy","IT","50c9509d-22c7-4a22-a47d-8c48425ef4a7",NA,NA,NA,"iNaturalist","PRESENT","28eb1a3f-1c15-4a95-931a-4af90ecb574d","Soldanella minima subsp. minima",7900159,"ACCEPTED","SUBSPECIES",2022,"native",11.62346,46.496498
"Soldanella minima","Soldanella minima subsp. minima",7900159,"HUMAN_OBSERVATION",575,"Italy","IT","50c9509d-22c7-4a22-a47d-8c48425ef4a7",NA,NA,NA,"iNaturalist","PRESENT","28eb1a3f-1c15-4a95-931a-4af90ecb574d","Soldanella minima subsp. minima",7900159,"ACCEPTED","SUBSPECIES",2022,"native",12.2738,46.577583
"Soldanella minima","Soldanella minima subsp. minima",7900159,"HUMAN_OBSERVATION",NA,"Italy","IT","50c9509d-22c7-4a22-a47d-8c48425ef4a7",NA,NA,NA,"iNaturalist","PRESENT","28eb1a3f-1c15-4a95-931a-4af90ecb574d","Soldanella minima subsp. minima",7900159,"ACCEPTED","SUBSPECIES",2022,"native",12.375206,46.658138
"Soldanella minima","Soldanella minima subsp. minima",7900159,"HUMAN_OBSERVATION",2700,"Slovenia","SI","50c9509d-22c7-4a22-a47d-8c48425ef4a7",NA,NA,NA,"iNaturalist","PRESENT","28eb1a3f-1c15-4a95-931a-4af90ecb574d","Soldanella minima subsp. minima",7900159,"ACCEPTED","SUBSPECIES",2021,"native",13.918135,46.353542
"Soldanella minima","Soldanella minima subsp. minima",7900159,"HUMAN_OBSERVATION",NA,"Italy","IT","50c9509d-22c7-4a22-a47d-8c48425ef4a7",NA,NA,NA,"iNaturalist","PRESENT","28eb1a3f-1c15-4a95-931a-4af90ecb574d","Soldanella minima subsp. minima",7900159,"ACCEPTED","SUBSPECIES",2021,"native",11.850182,46.402205
"Soldanella minima","Soldanella minima Hoppe",8109831,"HUMAN_OBSERVATION",8,"Italy","IT","14d5676a-2c54-4f94-9023-1e8dcd822aa0",NA,NA,1,NA,"PRESENT","da86174a-a605-43a4-a5e8-53d484152cd3","Soldanella minima Hoppe",8109831,"ACCEPTED","SPECIES",2021,"native",12.312842,46.620645
"Soldanella minima","Soldanella minima Hoppe",8109831,"HUMAN_OBSERVATION",12,"Italy","IT","14d5676a-2c54-4f94-9023-1e8dcd822aa0",NA,NA,1,NA,"PRESENT","da86174a-a605-43a4-a5e8-53d484152cd3","Soldanella minima Hoppe",8109831,"ACCEPTED","SPECIES",2021,"native",12.050864,46.488367
"Soldanella minima","Soldanella minima subsp. minima",7900159,"HUMAN_OBSERVATION",27063,"Italy","IT","50c9509d-22c7-4a22-a47d-8c48425ef4a7",NA,NA,NA,"iNaturalist","PRESENT","28eb1a3f-1c15-4a95-931a-4af90ecb574d","Soldanella minima subsp. minima",7900159,"ACCEPTED","SUBSPECIES",2021,"native",12.557418,46.070119
"Soldanella minima","Soldanella minima subsp. minima",7900159,"HUMAN_OBSERVATION",NA,"Italy","IT","50c9509d-22c7-4a22-a47d-8c48425ef4a7",NA,NA,NA,"iNaturalist","PRESENT","28eb1a3f-1c15-4a95-931a-4af90ecb574d","Soldanella minima subsp. minima",7900159,"ACCEPTED","SUBSPECIES",2021,"native",11.850233,46.403205
"Soldanella minima","Soldanella minima Hoppe",8109831,"HUMAN_OBSERVATION",NA,"Germany","DE","64dabd3c-4f34-4520-b9dd-d227a0bf1582",NA,NA,NA,"BFL","PRESENT","0674aea0-a7e1-11d8-9534-b8a03c50a862","Soldanella minima Hoppe",8109831,"ACCEPTED","SPECIES",2021,"native",10.97,47.65
"Soldanella minima","Soldanella minima Hoppe",8109831,"HUMAN_OBSERVATION",11,"Italy","IT","7a3679ef-5582-4aaa-81f0-8c2545cafc81",NA,NA,1,NA,"PRESENT","da86174a-a605-43a4-a5e8-53d484152cd3","Soldanella minima Hoppe",8109831,"ACCEPTED","SPECIES",2021,"native",11.901648,46.26027
"Soldanella minima","Soldanella minima subsp. minima",7900159,"HUMAN_OBSERVATION",NA,"Italy","IT","50c9509d-22c7-4a22-a47d-8c48425ef4a7",NA,NA,NA,"iNaturalist","PRESENT","28eb1a3f-1c15-4a95-931a-4af90ecb574d","Soldanella minima subsp. minima",7900159,"ACCEPTED","SUBSPECIES",2021,"native",12.035307,46.505883
"Soldanella minima","Soldanella minima subsp. minima",7900159,"HUMAN_OBSERVATION",NA,"Italy","IT","50c9509d-22c7-4a22-a47d-8c48425ef4a7",NA,NA,NA,"iNaturalist","PRESENT","28eb1a3f-1c15-4a95-931a-4af90ecb574d","Soldanella minima subsp. minima",7900159,"ACCEPTED","SUBSPECIES",2021,"native",12.034098,46.506853
"Soldanella minima","Soldanella minima Hoppe",8109831,"HUMAN_OBSERVATION",3,"Austria","AT","8a863029-f435-446a-821e-275f4f641165",NA,NA,1,NA,"PRESENT","c8d737e0-2ff8-42e8-b8fc-6b805d26fc5f","Soldanella minima Hoppe",8109831,"ACCEPTED","SPECIES",2021,"native",12.741566,46.762466
"Soldanella minima","Soldanella minima Hoppe",8109831,"HUMAN_OBSERVATION",3,"Austria","AT","c1492854-5d15-40e9-9ee7-24a18ac05112",NA,NA,NA,"HNS","PRESENT","7a070ba0-bafb-11d9-8e53-b8a03c50a862","Soldanella minima Hoppe",8109831,"ACCEPTED","SPECIES",2021,"native",12.74157,46.76247
"Soldanella minima","Soldanella minima Hoppe",8109831,"HUMAN_OBSERVATION",4,"Austria","AT","c1492854-5d15-40e9-9ee7-24a18ac05112",NA,NA,NA,"HNS","PRESENT","7a070ba0-bafb-11d9-8e53-b8a03c50a862","Soldanella minima Hoppe",8109831,"ACCEPTED","SPECIES",2021,"native",12.86382,46.78362
"Soldanella minima","Soldanella minima subsp. minima",7900159,"HUMAN_OBSERVATION",NA,"Italy","IT","50c9509d-22c7-4a22-a47d-8c48425ef4a7",NA,NA,NA,"iNaturalist","PRESENT","28eb1a3f-1c15-4a95-931a-4af90ecb574d","Soldanella minima subsp. minima",7900159,"ACCEPTED","SUBSPECIES",2020,"native",12.07258,46.402153
"Soldanella minima","Soldanella minima subsp. minima",7900159,"HUMAN_OBSERVATION",NA,"Italy","IT","50c9509d-22c7-4a22-a47d-8c48425ef4a7",NA,NA,NA,"iNaturalist","PRESENT","28eb1a3f-1c15-4a95-931a-4af90ecb574d","Soldanella minima subsp. minima",7900159,"ACCEPTED","SUBSPECIES",2020,"native",12.072087,46.403877
"Soldanella minima","Soldanella minima subsp. minima",7900159,"HUMAN_OBSERVATION",328,"Germany","DE","50c9509d-22c7-4a22-a47d-8c48425ef4a7",NA,NA,NA,"iNaturalist","PRESENT","28eb1a3f-1c15-4a95-931a-4af90ecb574d","Soldanella minima subsp. minima",7900159,"ACCEPTED","SUBSPECIES",2020,"native",10.958937,47.517283
"Soldanella minima","Soldanella minima subsp. minima",7900159,"HUMAN_OBSERVATION",263,"Austria","AT","50c9509d-22c7-4a22-a47d-8c48425ef4a7",NA,NA,NA,"iNaturalist","PRESENT","28eb1a3f-1c15-4a95-931a-4af90ecb574d","Soldanella minima subsp. minima",7900159,"ACCEPTED","SUBSPECIES",2020,"native",14.388273,46.44302
"Soldanella minima","Soldanella minima subsp. minima",7900159,"HUMAN_OBSERVATION",NA,"Italy","IT","50c9509d-22c7-4a22-a47d-8c48425ef4a7",NA,NA,NA,"iNaturalist","PRESENT","28eb1a3f-1c15-4a95-931a-4af90ecb574d","Soldanella minima subsp. minima",7900159,"ACCEPTED","SUBSPECIES",2020,"native",11.810153,46.29184
"Soldanella minima","Soldanella minima subsp. minima",7900159,"HUMAN_OBSERVATION",NA,"Italy","IT","50c9509d-22c7-4a22-a47d-8c48425ef4a7",NA,NA,NA,"iNaturalist","PRESENT","28eb1a3f-1c15-4a95-931a-4af90ecb574d","Soldanella minima subsp. minima",7900159,"ACCEPTED","SUBSPECIES",2020,"native",12.291854,46.622785
"Soldanella minima","Soldanella minima Hoppe",8109831,"HUMAN_OBSERVATION",17,"Italy","IT","14d5676a-2c54-4f94-9023-1e8dcd822aa0",NA,NA,1,NA,"PRESENT","da86174a-a605-43a4-a5e8-53d484152cd3","Soldanella minima Hoppe",8109831,"ACCEPTED","SPECIES",2020,"native",11.726315,46.532284
"Soldanella minima","Soldanella minima Hoppe",8109831,"HUMAN_OBSERVATION",NA,"Austria","AT","14d5676a-2c54-4f94-9023-1e8dcd822aa0",NA,NA,1,NA,"PRESENT","da86174a-a605-43a4-a5e8-53d484152cd3","Soldanella minima Hoppe",8109831,"ACCEPTED","SPECIES",2020,"native",13.305,46.569444
"Soldanella minima","Soldanella minima subsp. minima",7900159,"HUMAN_OBSERVATION",NA,"Italy","IT","50c9509d-22c7-4a22-a47d-8c48425ef4a7",NA,NA,NA,"iNaturalist","PRESENT","28eb1a3f-1c15-4a95-931a-4af90ecb574d","Soldanella minima subsp. minima",7900159,"ACCEPTED","SUBSPECIES",2020,"native",11.733317,46.517793
"Soldanella minima","Soldanella minima Hoppe",8109831,"HUMAN_OBSERVATION",3535,"Switzerland","CH","83fdfd3d-3a25-4705-9fbe-3db1d1892b13",NA,NA,NA,NA,"PRESENT","64ee55c9-570a-42af-b7da-3f13c6b4e5a9","Soldanella minima Hoppe",8109831,"ACCEPTED","SPECIES",2020,NA,7.53582,46.20891
"Soldanella minima","Soldanella minima Hoppe",8109831,"OCCURRENCE",NA,"Italy","IT","c1492854-5d15-40e9-9ee7-24a18ac05112",NA,NA,NA,"HNS","PRESENT","7a070ba0-bafb-11d9-8e53-b8a03c50a862","Soldanella minima Hoppe",8109831,"ACCEPTED","SPECIES",2020,"native",12.49759,46.35284
"Soldanella minima","Soldanella minima Hoppe",8109831,"HUMAN_OBSERVATION",250,"Germany","DE","6ac3f774-d9fb-4796-b3e9-92bf6c81c084",NA,NA,NA,"NABU|naturgucker","PRESENT","bb646dff-a905-4403-a49b-6d378c2cf0d9","Soldanella minima Hoppe",8109831,"ACCEPTED","SPECIES",2019,"native",11.00903,47.588943
"Soldanella minima","Soldanella minima subsp. samnitica Cristofol. & Pignatti",8157030,"HUMAN_OBSERVATION",2,"Italy","IT","50c9509d-22c7-4a22-a47d-8c48425ef4a7",NA,NA,NA,"iNaturalist","PRESENT","28eb1a3f-1c15-4a95-931a-4af90ecb574d","Soldanella minima subsp. samnitica Cristofol. & Pignatti",8157030,"ACCEPTED","SUBSPECIES",2019,"native",14.118694,42.11591
"Soldanella minima","Soldanella minima subsp. minima",7900159,"HUMAN_OBSERVATION",31,"Slovenia","SI","50c9509d-22c7-4a22-a47d-8c48425ef4a7",NA,NA,NA,"iNaturalist","PRESENT","28eb1a3f-1c15-4a95-931a-4af90ecb574d","Soldanella minima subsp. minima",7900159,"ACCEPTED","SUBSPECIES",2019,"native",13.739093,46.44286
"Soldanella minima","Soldanella minima subsp. minima",7900159,"HUMAN_OBSERVATION",15,"Italy","IT","50c9509d-22c7-4a22-a47d-8c48425ef4a7",NA,NA,NA,"iNaturalist","PRESENT","28eb1a3f-1c15-4a95-931a-4af90ecb574d","Soldanella minima subsp. minima",7900159,"ACCEPTED","SUBSPECIES",2019,"native",11.81078,46.487427
"Soldanella minima","Soldanella minima subsp. minima",7900159,"HUMAN_OBSERVATION",NA,"Italy","IT","50c9509d-22c7-4a22-a47d-8c48425ef4a7",NA,NA,NA,"iNaturalist","PRESENT","28eb1a3f-1c15-4a95-931a-4af90ecb574d","Soldanella minima subsp. minima",7900159,"ACCEPTED","SUBSPECIES",2019,"native",11.756597,46.512391
"Soldanella minima","Soldanella minima subsp. minima",7900159,"HUMAN_OBSERVATION",3,"Italy","IT","50c9509d-22c7-4a22-a47d-8c48425ef4a7",NA,NA,NA,"iNaturalist","PRESENT","28eb1a3f-1c15-4a95-931a-4af90ecb574d","Soldanella minima subsp. minima",7900159,"ACCEPTED","SUBSPECIES",2019,"native",11.756577,46.512363
"Soldanella minima","Soldanella minima subsp. minima",7900159,"HUMAN_OBSERVATION",3,"Italy","IT","50c9509d-22c7-4a22-a47d-8c48425ef4a7",NA,NA,NA,"iNaturalist","PRESENT","28eb1a3f-1c15-4a95-931a-4af90ecb574d","Soldanella minima subsp. minima",7900159,"ACCEPTED","SUBSPECIES",2019,"native",11.81245,46.487668
"Soldanella minima","Soldanella minima subsp. minima",7900159,"HUMAN_OBSERVATION",3,"Italy","IT","50c9509d-22c7-4a22-a47d-8c48425ef4a7",NA,NA,NA,"iNaturalist","PRESENT","28eb1a3f-1c15-4a95-931a-4af90ecb574d","Soldanella minima subsp. minima",7900159,"ACCEPTED","SUBSPECIES",2019,"native",11.81019,46.489843
"Soldanella minima","Soldanella minima subsp. minima",7900159,"HUMAN_OBSERVATION",31,"Austria","AT","50c9509d-22c7-4a22-a47d-8c48425ef4a7",NA,NA,NA,"iNaturalist","PRESENT","28eb1a3f-1c15-4a95-931a-4af90ecb574d","Soldanella minima subsp. minima",7900159,"ACCEPTED","SUBSPECIES",2019,"native",12.880727,46.613943
"Soldanella minima","Soldanella minima Hoppe",8109831,"HUMAN_OBSERVATION",8,"Italy","IT","50c9509d-22c7-4a22-a47d-8c48425ef4a7",NA,NA,NA,"iNaturalist","PRESENT","28eb1a3f-1c15-4a95-931a-4af90ecb574d","Soldanella minima Hoppe",8109831,"ACCEPTED","SPECIES",2019,"native",11.986703,46.532182
"Soldanella minima","Soldanella minima Hoppe",8109831,"HUMAN_OBSERVATION",25,"Italy","IT","8a863029-f435-446a-821e-275f4f641165",NA,NA,1,NA,"PRESENT","c8d737e0-2ff8-42e8-b8fc-6b805d26fc5f","Soldanella minima Hoppe",8109831,"ACCEPTED","SPECIES",2019,"native",11.848849,46.522594
"Soldanella minima","Soldanella minima subsp. minima",7900159,"HUMAN_OBSERVATION",3553,"Italy","IT","50c9509d-22c7-4a22-a47d-8c48425ef4a7",NA,NA,NA,"iNaturalist","PRESENT","28eb1a3f-1c15-4a95-931a-4af90ecb574d","Soldanella minima subsp. minima",7900159,"ACCEPTED","SUBSPECIES",2019,"native",11.711141,46.522655
"Soldanella minima","Soldanella minima subsp. minima",7900159,"HUMAN_OBSERVATION",NA,"Italy","IT","50c9509d-22c7-4a22-a47d-8c48425ef4a7",NA,NA,NA,"iNaturalist","PRESENT","28eb1a3f-1c15-4a95-931a-4af90ecb574d","Soldanella minima subsp. minima",7900159,"ACCEPTED","SUBSPECIES",2018,"native",11.80929,46.292717
"Soldanella minima","Soldanella minima subsp. minima",7900159,"HUMAN_OBSERVATION",NA,"Italy","IT","50c9509d-22c7-4a22-a47d-8c48425ef4a7",NA,NA,NA,"iNaturalist","PRESENT","28eb1a3f-1c15-4a95-931a-4af90ecb574d","Soldanella minima subsp. minima",7900159,"ACCEPTED","SUBSPECIES",2018,"native",12.046944,46.490278
"Soldanella minima","Soldanella minima subsp. minima",7900159,"HUMAN_OBSERVATION",15,"Italy","IT","50c9509d-22c7-4a22-a47d-8c48425ef4a7",NA,NA,NA,"iNaturalist","PRESENT","28eb1a3f-1c15-4a95-931a-4af90ecb574d","Soldanella minima subsp. minima",7900159,"ACCEPTED","SUBSPECIES",2018,"native",11.873617,46.45582
"Soldanella minima","Soldanella minima Hoppe",8109831,"HUMAN_OBSERVATION",NA,"Germany","DE","64dabd3c-4f34-4520-b9dd-d227a0bf1582",NA,NA,NA,"BFL","PRESENT","0674aea0-a7e1-11d8-9534-b8a03c50a862","Soldanella minima Hoppe",8109831,"ACCEPTED","SPECIES",2018,"native",11.05,47.51
"Soldanella minima","SH1305215.09FU",11785141,"MATERIAL_SAMPLE",NA,"Austria","AT","9f0e1ca6-fb08-4c72-9a4a-1e3b7a528c10",NA,NA,NA,NA,"PRESENT","0870a77b-587c-4369-a8ed-bc3d347b8e1c","SH1305215.09FU",11785141,"ACCEPTED","UNRANKED",2018,"native",13.0503,47.5669
"Soldanella minima","SH1305215.09FU",11785141,"MATERIAL_SAMPLE",NA,"Germany","DE","9f0e1ca6-fb08-4c72-9a4a-1e3b7a528c10",NA,NA,NA,NA,"PRESENT","0870a77b-587c-4369-a8ed-bc3d347b8e1c","SH1305215.09FU",11785141,"ACCEPTED","UNRANKED",2018,"native",13.0448,47.5796
"Soldanella minima","Soldanella minima subsp. minima",7900159,"HUMAN_OBSERVATION",1011,"Slovenia","SI","50c9509d-22c7-4a22-a47d-8c48425ef4a7",NA,NA,NA,"iNaturalist","PRESENT","28eb1a3f-1c15-4a95-931a-4af90ecb574d","Soldanella minima subsp. minima",7900159,"ACCEPTED","SUBSPECIES",2018,"native",13.565132,46.418811
"Soldanella minima","Soldanella minima subsp. minima",7900159,"HUMAN_OBSERVATION",31,"Slovenia","SI","50c9509d-22c7-4a22-a47d-8c48425ef4a7",NA,NA,NA,"iNaturalist","PRESENT","28eb1a3f-1c15-4a95-931a-4af90ecb574d","Soldanella minima subsp. minima",7900159,"ACCEPTED","SUBSPECIES",2017,"native",14.535592,46.369036
"Soldanella minima","Soldanella minima Hoppe",8109831,"HUMAN_OBSERVATION",NA,"Germany","DE","50c9509d-22c7-4a22-a47d-8c48425ef4a7",NA,NA,NA,"iNaturalist","PRESENT","28eb1a3f-1c15-4a95-931a-4af90ecb574d","Soldanella minima Hoppe",8109831,"ACCEPTED","SPECIES",2017,"native",11.06492,47.517315
"Soldanella minima","Soldanella minima Hoppe",8109831,"HUMAN_OBSERVATION",NA,"Slovenia","SI","50c9509d-22c7-4a22-a47d-8c48425ef4a7",NA,NA,NA,"iNaturalist","PRESENT","28eb1a3f-1c15-4a95-931a-4af90ecb574d","Soldanella minima Hoppe",8109831,"ACCEPTED","SPECIES",2017,"native",13.825,46.425
"Soldanella minima","Soldanella minima Hoppe",8109831,"HUMAN_OBSERVATION",250,"Austria","AT","6ac3f774-d9fb-4796-b3e9-92bf6c81c084",NA,NA,NA,"NABU|naturgucker","PRESENT","bb646dff-a905-4403-a49b-6d378c2cf0d9","Soldanella minima Hoppe",8109831,"ACCEPTED","SPECIES",2017,"native",11.281414,47.395443
"Soldanella minima","Soldanella minima subsp. minima",7900159,"HUMAN_OBSERVATION",NA,"Slovenia","SI","50c9509d-22c7-4a22-a47d-8c48425ef4a7",NA,NA,NA,"iNaturalist","PRESENT","28eb1a3f-1c15-4a95-931a-4af90ecb574d","Soldanella minima subsp. minima",7900159,"ACCEPTED","SUBSPECIES",2017,"native",13.82033,46.418066
"Soldanella minima","Soldanella minima subsp. minima",7900159,"HUMAN_OBSERVATION",43,"Slovenia","SI","50c9509d-22c7-4a22-a47d-8c48425ef4a7",NA,NA,NA,"iNaturalist","PRESENT","28eb1a3f-1c15-4a95-931a-4af90ecb574d","Soldanella minima subsp. minima",7900159,"ACCEPTED","SUBSPECIES",2016,"native",14.522944,46.296286
"Soldanella minima","Soldanella minima Hoppe",8109831,"HUMAN_OBSERVATION",1000,"Slovenia","SI","8a863029-f435-446a-821e-275f4f641165",NA,NA,1,NA,"PRESENT","c8d737e0-2ff8-42e8-b8fc-6b805d26fc5f","Soldanella minima Hoppe",8109831,"ACCEPTED","SPECIES",2016,"native",14.526247,46.297174
"Soldanella minima","Soldanella minima subsp. minima",7900159,"HUMAN_OBSERVATION",977,"Slovenia","SI","50c9509d-22c7-4a22-a47d-8c48425ef4a7",NA,NA,NA,"iNaturalist","PRESENT","28eb1a3f-1c15-4a95-931a-4af90ecb574d","Soldanella minima subsp. minima",7900159,"ACCEPTED","SUBSPECIES",2015,"native",14.572521,46.362373
"Soldanella minima","Soldanella minima subsp. minima",7900159,"HUMAN_OBSERVATION",3350,"Italy","IT","50c9509d-22c7-4a22-a47d-8c48425ef4a7",NA,NA,NA,"iNaturalist","PRESENT","28eb1a3f-1c15-4a95-931a-4af90ecb574d","Soldanella minima subsp. minima",7900159,"ACCEPTED","SUBSPECIES",2015,"native",12.135652,46.540471
"Soldanella minima","Soldanella minima Hoppe",8109831,"HUMAN_OBSERVATION",250,"Austria","AT","6ac3f774-d9fb-4796-b3e9-92bf6c81c084",NA,NA,NA,"NABU|naturgucker","PRESENT","bb646dff-a905-4403-a49b-6d378c2cf0d9","Soldanella minima Hoppe",8109831,"ACCEPTED","SPECIES",2015,"native",12.838619,47.070122
"Soldanella minima","SH1305215.09FU",11785141,"MATERIAL_SAMPLE",NA,"Switzerland","CH","9f0e1ca6-fb08-4c72-9a4a-1e3b7a528c10",NA,NA,NA,NA,"PRESENT","0870a77b-587c-4369-a8ed-bc3d347b8e1c","SH1305215.09FU",11785141,"ACCEPTED","UNRANKED",2014,NA,8.451,46.896
"Soldanella minima","Soldanella minima subsp. minima",7900159,"HUMAN_OBSERVATION",NA,"Slovenia","SI","50c9509d-22c7-4a22-a47d-8c48425ef4a7",NA,NA,NA,"iNaturalist","PRESENT","28eb1a3f-1c15-4a95-931a-4af90ecb574d","Soldanella minima subsp. minima",7900159,"ACCEPTED","SUBSPECIES",2014,"native",13.752938,46.41931
"Soldanella minima","Soldanella minima subsp. minima",7900159,"HUMAN_OBSERVATION",126,"Italy","IT","50c9509d-22c7-4a22-a47d-8c48425ef4a7",NA,NA,NA,"iNaturalist","PRESENT","28eb1a3f-1c15-4a95-931a-4af90ecb574d","Soldanella minima subsp. minima",7900159,"ACCEPTED","SUBSPECIES",2013,"native",11.729668,46.532474
"Soldanella minima","Soldanella minima Hoppe",8109831,"HUMAN_OBSERVATION",NA,"Germany","DE","8ea4250e-0ff0-44f8-812e-bffc3b9ba2a4",NA,NA,NA,"LfU","PRESENT","0674aea0-a7e1-11d8-9534-b8a03c50a862","Soldanella minima Hoppe",8109831,"ACCEPTED","SPECIES",2011,"native",11.03,47.55
"Soldanella minima","Soldanella minima Hoppe",8109831,"HUMAN_OBSERVATION",NA,"Germany","DE","8ea4250e-0ff0-44f8-812e-bffc3b9ba2a4",NA,NA,NA,"LfU","PRESENT","0674aea0-a7e1-11d8-9534-b8a03c50a862","Soldanella minima Hoppe",8109831,"ACCEPTED","SPECIES",2011,"native",11.01,47.53
"Soldanella minima","Soldanella minima Hoppe",8109831,"HUMAN_OBSERVATION",NA,"Germany","DE","8ea4250e-0ff0-44f8-812e-bffc3b9ba2a4",NA,NA,NA,"LfU","PRESENT","0674aea0-a7e1-11d8-9534-b8a03c50a862","Soldanella minima Hoppe",8109831,"ACCEPTED","SPECIES",2010,"native",10.92,47.51
"Soldanella minima","Soldanella minima subsp. minima",7900159,"HUMAN_OBSERVATION",8,"Slovenia","SI","50c9509d-22c7-4a22-a47d-8c48425ef4a7",NA,NA,NA,"iNaturalist","PRESENT","28eb1a3f-1c15-4a95-931a-4af90ecb574d","Soldanella minima subsp. minima",7900159,"ACCEPTED","SUBSPECIES",2009,"native",14.537937,46.291292
"Soldanella minima","Soldanella minima subsp. minima",7900159,"HUMAN_OBSERVATION",8,"Slovenia","SI","50c9509d-22c7-4a22-a47d-8c48425ef4a7",NA,NA,NA,"iNaturalist","PRESENT","28eb1a3f-1c15-4a95-931a-4af90ecb574d","Soldanella minima subsp. minima",7900159,"ACCEPTED","SUBSPECIES",2009,"native",14.646644,46.300715
"Soldanella minima","Soldanella minima Hoppe",8109831,"HUMAN_OBSERVATION",NA,"Italy","IT","50c9509d-22c7-4a22-a47d-8c48425ef4a7",NA,NA,NA,"iNaturalist","PRESENT","28eb1a3f-1c15-4a95-931a-4af90ecb574d","Soldanella minima Hoppe",8109831,"ACCEPTED","SPECIES",2008,"native",12.620244,46.486471
"Soldanella minima","Soldanella minima subsp. minima",7900159,"HUMAN_OBSERVATION",55,"Italy","IT","50c9509d-22c7-4a22-a47d-8c48425ef4a7",NA,NA,NA,"iNaturalist","PRESENT","28eb1a3f-1c15-4a95-931a-4af90ecb574d","Soldanella minima subsp. minima",7900159,"ACCEPTED","SUBSPECIES",2006,"native",11.625085,46.486316
"Soldanella minima","Soldanella minima Hoppe",8109831,"HUMAN_OBSERVATION",NA,"Switzerland","CH","89a4687c-f762-11e1-a439-00145eb45e9a",NA,NA,NA,"GEO","PRESENT","ef69a030-3940-11dd-b168-b8a03c50a862","Soldanella minima Hoppe",8109831,"ACCEPTED","SPECIES",2004,NA,8.08362,47.4954
"Soldanella minima","Soldanella minima Hoppe",8109831,"HUMAN_OBSERVATION",NA,"Italy","IT","960af0c2-f762-11e1-a439-00145eb45e9a",NA,NA,NA,"GEO","PRESENT","ef69a030-3940-11dd-b168-b8a03c50a862","Soldanella minima Hoppe",8109831,"ACCEPTED","SPECIES",2004,"native",11.499166,46.518949
"Soldanella minima","Soldanella minima Hoppe",8109831,"HUMAN_OBSERVATION",NA,"Germany","DE","8ea4250e-0ff0-44f8-812e-bffc3b9ba2a4",NA,NA,NA,"LfU","PRESENT","0674aea0-a7e1-11d8-9534-b8a03c50a862","Soldanella minima Hoppe",8109831,"ACCEPTED","SPECIES",2002,"native",10.29,47.32
"Soldanella minima","Soldanella minima Hoppe",8109831,"HUMAN_OBSERVATION",NA,"Germany","DE","8ea4250e-0ff0-44f8-812e-bffc3b9ba2a4",NA,NA,NA,"LfU","PRESENT","0674aea0-a7e1-11d8-9534-b8a03c50a862","Soldanella minima Hoppe",8109831,"ACCEPTED","SPECIES",2000,"native",10.87,47.57
"Soldanella minima","Soldanella minima Hoppe",8109831,"HUMAN_OBSERVATION",NA,"Germany","DE","8ea4250e-0ff0-44f8-812e-bffc3b9ba2a4",NA,NA,NA,"LfU","PRESENT","0674aea0-a7e1-11d8-9534-b8a03c50a862","Soldanella minima Hoppe",8109831,"ACCEPTED","SPECIES",2000,"native",10.96,47.57
"Soldanella minima","Soldanella minima Hoppe",8109831,"HUMAN_OBSERVATION",NA,"Germany","DE","8ea4250e-0ff0-44f8-812e-bffc3b9ba2a4",NA,NA,NA,"LfU","PRESENT","0674aea0-a7e1-11d8-9534-b8a03c50a862","Soldanella minima Hoppe",8109831,"ACCEPTED","SPECIES",1999,"native",11.04,47.52
"Soldanella minima","Soldanella minima Hoppe",8109831,"HUMAN_OBSERVATION",NA,"Germany","DE","8ea4250e-0ff0-44f8-812e-bffc3b9ba2a4",NA,NA,NA,"LfU","PRESENT","0674aea0-a7e1-11d8-9534-b8a03c50a862","Soldanella minima Hoppe",8109831,"ACCEPTED","SPECIES",1999,"native",10.96,47.52
"Soldanella minima","Soldanella minima Hoppe",8109831,"HUMAN_OBSERVATION",NA,"Germany","DE","8ea4250e-0ff0-44f8-812e-bffc3b9ba2a4",NA,NA,NA,"LfU","PRESENT","0674aea0-a7e1-11d8-9534-b8a03c50a862","Soldanella minima Hoppe",8109831,"ACCEPTED","SPECIES",1999,"native",10.87,47.52
"Soldanella minima","Soldanella minima Hoppe",8109831,"HUMAN_OBSERVATION",260,"Italy","IT","50c9509d-22c7-4a22-a47d-8c48425ef4a7",NA,NA,NA,"iNaturalist","PRESENT","28eb1a3f-1c15-4a95-931a-4af90ecb574d","Soldanella minima Hoppe",8109831,"ACCEPTED","SPECIES",1998,"native",11.86411,46.456004
"Soldanella minima","Soldanella minima Hoppe",8109831,"HUMAN_OBSERVATION",NA,"Germany","DE","8ea4250e-0ff0-44f8-812e-bffc3b9ba2a4",NA,NA,NA,"LfU","PRESENT","0674aea0-a7e1-11d8-9534-b8a03c50a862","Soldanella minima Hoppe",8109831,"ACCEPTED","SPECIES",1998,"native",11.04,47.57
"Soldanella minima","Soldanella minima Hoppe",8109831,"MATERIAL_CITATION",1111,"Austria","AT","c7730a08-74b4-48cd-80a7-831a19ac660d",NA,NA,NA,"HNS","PRESENT","7a070ba0-bafb-11d9-8e53-b8a03c50a862","Soldanella minima Hoppe",8109831,"ACCEPTED","SPECIES",1993,"native",12.610846,46.994682
"Soldanella minima","Soldanella minima Hoppe",8109831,"HUMAN_OBSERVATION",NA,"Germany","DE","8ea4250e-0ff0-44f8-812e-bffc3b9ba2a4",NA,NA,NA,"LfU","PRESENT","0674aea0-a7e1-11d8-9534-b8a03c50a862","Soldanella minima Hoppe",8109831,"ACCEPTED","SPECIES",1991,"native",11.06,47.55
"Soldanella minima","Soldanella minima Hoppe",8109831,"MATERIAL_CITATION",NA,"Germany","DE","8ea4250e-0ff0-44f8-812e-bffc3b9ba2a4",NA,NA,NA,"LfU","PRESENT","0674aea0-a7e1-11d8-9534-b8a03c50a862","Soldanella minima Hoppe",8109831,"ACCEPTED","SPECIES",1988,"native",10.87,47.56
"Soldanella minima","Soldanella minima Hoppe",8109831,"MATERIAL_CITATION",NA,"Germany","DE","8ea4250e-0ff0-44f8-812e-bffc3b9ba2a4",NA,NA,NA,"LfU","PRESENT","0674aea0-a7e1-11d8-9534-b8a03c50a862","Soldanella minima Hoppe",8109831,"ACCEPTED","SPECIES",1988,"native",10.91,47.58
"Soldanella minima","Soldanella minima Hoppe",8109831,"MATERIAL_CITATION",NA,"Germany","DE","8ea4250e-0ff0-44f8-812e-bffc3b9ba2a4",NA,NA,NA,"LfU","PRESENT","0674aea0-a7e1-11d8-9534-b8a03c50a862","Soldanella minima Hoppe",8109831,"ACCEPTED","SPECIES",1988,"native",10.88,47.56
"Soldanella minima","Soldanella minima Hoppe",8109831,"MATERIAL_CITATION",NA,"Germany","DE","8ea4250e-0ff0-44f8-812e-bffc3b9ba2a4",NA,NA,NA,"LfU","PRESENT","0674aea0-a7e1-11d8-9534-b8a03c50a862","Soldanella minima Hoppe",8109831,"ACCEPTED","SPECIES",1988,"native",10.87,47.58
"Soldanella minima","Soldanella minima Hoppe",8109831,"MATERIAL_CITATION",6000,"Austria","AT","c1492854-5d15-40e9-9ee7-24a18ac05112",NA,NA,NA,"HNS","PRESENT","7a070ba0-bafb-11d9-8e53-b8a03c50a862","Soldanella minima Hoppe",8109831,"ACCEPTED","SPECIES",1987,"native",13.62502,47.275
"Soldanella minima","Soldanella minima Hoppe",8109831,"HUMAN_OBSERVATION",250,"Austria","AT","6ac3f774-d9fb-4796-b3e9-92bf6c81c084",NA,NA,NA,"NABU|naturgucker","PRESENT","bb646dff-a905-4403-a49b-6d378c2cf0d9","Soldanella minima Hoppe",8109831,"ACCEPTED","SPECIES",1982,"native",10.062532,46.918262
"Soldanella minima","Soldanella minima Hoppe",8109831,"HUMAN_OBSERVATION",NA,"Germany","DE","8ea4250e-0ff0-44f8-812e-bffc3b9ba2a4",NA,NA,NA,"LfU","PRESENT","0674aea0-a7e1-11d8-9534-b8a03c50a862","Soldanella minima Hoppe",8109831,"ACCEPTED","SPECIES",1976,"native",10.9,47.51
"Soldanella minima","Soldanella minima Hoppe",8109831,"HUMAN_OBSERVATION",NA,"Germany","DE","8ea4250e-0ff0-44f8-812e-bffc3b9ba2a4",NA,NA,NA,"LfU","PRESENT","0674aea0-a7e1-11d8-9534-b8a03c50a862","Soldanella minima Hoppe",8109831,"ACCEPTED","SPECIES",1976,"native",10.89,47.5
"Soldanella minima","Soldanella minima subsp. minima",7900159,"HUMAN_OBSERVATION",977,"Italy","IT","50c9509d-22c7-4a22-a47d-8c48425ef4a7",NA,NA,NA,"iNaturalist","PRESENT","28eb1a3f-1c15-4a95-931a-4af90ecb574d","Soldanella minima subsp. minima",7900159,"ACCEPTED","SUBSPECIES",1974,"native",12.055749,46.657328
"Soldanella minima","Soldanella minima Hoppe",8109831,"MATERIAL_CITATION",NA,"Germany","DE","8ea4250e-0ff0-44f8-812e-bffc3b9ba2a4",NA,NA,NA,"LfU","PRESENT","0674aea0-a7e1-11d8-9534-b8a03c50a862","Soldanella minima Hoppe",8109831,"ACCEPTED","SPECIES",1952,"native",10.91,47.51
"Soldanella minima","Soldanella minima Hoppe",8109831,"MATERIAL_CITATION",NA,"Germany","DE","8ea4250e-0ff0-44f8-812e-bffc3b9ba2a4",NA,NA,NA,"LfU","PRESENT","0674aea0-a7e1-11d8-9534-b8a03c50a862","Soldanella minima Hoppe",8109831,"ACCEPTED","SPECIES",1952,"native",11.06,47.51
"Soldanella minima","Soldanella minima Hoppe",8109831,"HUMAN_OBSERVATION",NA,"Germany","DE","8ea4250e-0ff0-44f8-812e-bffc3b9ba2a4",NA,NA,NA,"LfU","PRESENT","0674aea0-a7e1-11d8-9534-b8a03c50a862","Soldanella minima Hoppe",8109831,"ACCEPTED","SPECIES",1952,"native",10.97,47.55
"Soldanella minima","Soldanella minima Hoppe",8109831,"MATERIAL_CITATION",NA,"Germany","DE","8ea4250e-0ff0-44f8-812e-bffc3b9ba2a4",NA,NA,NA,"LfU","PRESENT","0674aea0-a7e1-11d8-9534-b8a03c50a862","Soldanella minima Hoppe",8109831,"ACCEPTED","SPECIES",1952,"native",11.05,47.55
"Soldanella minima","Soldanella minima Hoppe",8109831,"HUMAN_OBSERVATION",NA,"Germany","DE","8ea4250e-0ff0-44f8-812e-bffc3b9ba2a4",NA,NA,NA,"LfU","PRESENT","0674aea0-a7e1-11d8-9534-b8a03c50a862","Soldanella minima Hoppe",8109831,"ACCEPTED","SPECIES",1952,"native",10.94,47.54
"Soldanella minima","Soldanella minima Hoppe",8109831,"MATERIAL_CITATION",NA,"Germany","DE","8ea4250e-0ff0-44f8-812e-bffc3b9ba2a4",NA,NA,NA,"LfU","PRESENT","0674aea0-a7e1-11d8-9534-b8a03c50a862","Soldanella minima Hoppe",8109831,"ACCEPTED","SPECIES",1952,"native",10.93,47.51
"Soldanella minima","Soldanella minima Hoppe",8109831,"HUMAN_OBSERVATION",NA,"Germany","DE","8ea4250e-0ff0-44f8-812e-bffc3b9ba2a4",NA,NA,NA,"LfU","PRESENT","0674aea0-a7e1-11d8-9534-b8a03c50a862","Soldanella minima Hoppe",8109831,"ACCEPTED","SPECIES",1952,"native",10.93,47.53
"Soldanella minima","Soldanella minima Hoppe",8109831,"MATERIAL_CITATION",NA,"Germany","DE","8ea4250e-0ff0-44f8-812e-bffc3b9ba2a4",NA,NA,NA,"LfU","PRESENT","0674aea0-a7e1-11d8-9534-b8a03c50a862","Soldanella minima Hoppe",8109831,"ACCEPTED","SPECIES",1952,"native",10.91,47.53
"Soldanella minima","Soldanella minima Hoppe",8109831,"OCCURRENCE",750,"Austria","AT","c1492854-5d15-40e9-9ee7-24a18ac05112",NA,NA,NA,"HNS","PRESENT","7a070ba0-bafb-11d9-8e53-b8a03c50a862","Soldanella minima Hoppe",8109831,"ACCEPTED","SPECIES",1951,"native",13.321111,47.166667
"Soldanella minima","Soldanella minima Hoppe",8109831,"HUMAN_OBSERVATION",3535,"Switzerland","CH","83fdfd3d-3a25-4705-9fbe-3db1d1892b13",NA,NA,NA,NA,"PRESENT","64ee55c9-570a-42af-b7da-3f13c6b4e5a9","Soldanella minima Hoppe",8109831,"ACCEPTED","SPECIES",1949,NA,8.64705,46.65233
"Soldanella minima","Soldanella minima Hoppe",8109831,"MATERIAL_CITATION",6000,"Austria","AT","c1492854-5d15-40e9-9ee7-24a18ac05112",NA,NA,NA,"HNS","PRESENT","7a070ba0-bafb-11d9-8e53-b8a03c50a862","Soldanella minima Hoppe",8109831,"ACCEPTED","SPECIES",1944,"native",13.29168,47.175
"Soldanella minima","Soldanella minima Hoppe",8109831,"MATERIAL_CITATION",6000,"Austria","AT","c1492854-5d15-40e9-9ee7-24a18ac05112",NA,NA,NA,"HNS","PRESENT","7a070ba0-bafb-11d9-8e53-b8a03c50a862","Soldanella minima Hoppe",8109831,"ACCEPTED","SPECIES",1899,"native",13.04168,47.225
"Soldanella minima","Soldanella minima Hoppe",8109831,"MATERIAL_CITATION",6000,"Austria","AT","c1492854-5d15-40e9-9ee7-24a18ac05112",NA,NA,NA,"HNS","PRESENT","7a070ba0-bafb-11d9-8e53-b8a03c50a862","Soldanella minima Hoppe",8109831,"ACCEPTED","SPECIES",1899,"native",13.04168,47.075
"Soldanella minima","Soldanella minima Hoppe",8109831,"MATERIAL_CITATION",6000,"Austria","AT","c1492854-5d15-40e9-9ee7-24a18ac05112",NA,NA,NA,"HNS","PRESENT","7a070ba0-bafb-11d9-8e53-b8a03c50a862","Soldanella minima Hoppe",8109831,"ACCEPTED","SPECIES",1899,"native",13.62502,47.125
"Soldanella minima","Soldanella minima Hoppe",8109831,"MATERIAL_SAMPLE",NA,"Germany","DE","040c5662-da76-4782-a48e-cdea1892d14c",NA,NA,NA,"Mined from GenBank, NCBI","PRESENT","b3bf3a83-1f68-4541-a03f-330d30d567f5","Soldanella minima Hoppe",8109831,"ACCEPTED","SPECIES",NA,"native",10.426171,51.083046
"Soldanella minima","Soldanella minima Hoppe",8109831,"MATERIAL_SAMPLE",NA,"Italy","IT","040c5662-da76-4782-a48e-cdea1892d14c",NA,NA,NA,"Mined from GenBank, NCBI","PRESENT","b3bf3a83-1f68-4541-a03f-330d30d567f5","Soldanella minima Hoppe",8109831,"ACCEPTED","SPECIES",NA,"native",12.763658,42.98201
"Soldanella minima","Soldanella minima Hoppe",8109831,"MATERIAL_SAMPLE",NA,"Austria","AT","040c5662-da76-4782-a48e-cdea1892d14c",NA,NA,NA,"Mined from GenBank, NCBI","PRESENT","b3bf3a83-1f68-4541-a03f-330d30d567f5","Soldanella minima Hoppe",8109831,"ACCEPTED","SPECIES",NA,"native",13.797778,47.63186
"Soldanella minima","Soldanella minima Hoppe",8109831,"HUMAN_OBSERVATION",3332,"Germany","DE","e6fab7b3-c733-40b9-8df3-2a03e49532c1",NA,NA,NA,"BfN","PRESENT","43cab2b0-0653-11d9-acb2-b8a03c50a862","Soldanella minima Hoppe",8109831,"ACCEPTED","SPECIES",NA,"native",11.041538,47.574912
"Soldanella minima","Soldanella minima Hoppe",8109831,"HUMAN_OBSERVATION",3334,"Germany","DE","e6fab7b3-c733-40b9-8df3-2a03e49532c1",NA,NA,NA,"BfN","PRESENT","43cab2b0-0653-11d9-acb2-b8a03c50a862","Soldanella minima Hoppe",8109831,"ACCEPTED","SPECIES",NA,"native",13.041602,47.574928
"Soldanella minima","Soldanella minima Hoppe",8109831,"HUMAN_OBSERVATION",3333,"Germany","DE","e6fab7b3-c733-40b9-8df3-2a03e49532c1",NA,NA,NA,"BfN","PRESENT","43cab2b0-0653-11d9-acb2-b8a03c50a862","Soldanella minima Hoppe",8109831,"ACCEPTED","SPECIES",NA,"native",11.041538,47.524902
"Soldanella minima","Soldanella minima Hoppe",8109831,"HUMAN_OBSERVATION",3331,"Germany","DE","e6fab7b3-c733-40b9-8df3-2a03e49532c1",NA,NA,NA,"BfN","PRESENT","43cab2b0-0653-11d9-acb2-b8a03c50a862","Soldanella minima Hoppe",8109831,"ACCEPTED","SPECIES",NA,"native",10.958202,47.574909
"Soldanella minima","Soldanella minima Hoppe",8109831,"HUMAN_OBSERVATION",3333,"Germany","DE","e6fab7b3-c733-40b9-8df3-2a03e49532c1",NA,NA,NA,"BfN","PRESENT","43cab2b0-0653-11d9-acb2-b8a03c50a862","Soldanella minima Hoppe",8109831,"ACCEPTED","SPECIES",NA,"native",10.874866,47.524906
"Soldanella minima","Soldanella minima Hoppe",8109831,"HUMAN_OBSERVATION",3335,"Germany","DE","e6fab7b3-c733-40b9-8df3-2a03e49532c1",NA,NA,NA,"BfN","PRESENT","43cab2b0-0653-11d9-acb2-b8a03c50a862","Soldanella minima Hoppe",8109831,"ACCEPTED","SPECIES",NA,"native",10.874865,47.474906
"Soldanella minima","Soldanella minima Hoppe",8109831,"HUMAN_OBSERVATION",3331,"Germany","DE","e6fab7b3-c733-40b9-8df3-2a03e49532c1",NA,NA,NA,"BfN","PRESENT","43cab2b0-0653-11d9-acb2-b8a03c50a862","Soldanella minima Hoppe",8109831,"ACCEPTED","SPECIES",NA,"native",12.708252,47.674931
"Soldanella minima","Soldanella minima Hoppe",8109831,"HUMAN_OBSERVATION",3333,"Germany","DE","e6fab7b3-c733-40b9-8df3-2a03e49532c1",NA,NA,NA,"BfN","PRESENT","43cab2b0-0653-11d9-acb2-b8a03c50a862","Soldanella minima Hoppe",8109831,"ACCEPTED","SPECIES",NA,"native",10.958202,47.524906
"Soldanella minima","Soldanella minima Hoppe",8109831,"HUMAN_OBSERVATION",3331,"Germany","DE","e6fab7b3-c733-40b9-8df3-2a03e49532c1",NA,NA,NA,"BfN","PRESENT","43cab2b0-0653-11d9-acb2-b8a03c50a862","Soldanella minima Hoppe",8109831,"ACCEPTED","SPECIES",NA,"native",10.874866,47.574906
